text,entities
"thông tin về cây lúa","[{""type"":""CROP_NAME"",""value"":""lúa"",""start"":16,""end"":19}]"
"kỹ thuật trồng cà chua","[{""type"":""CROP_NAME"",""value"":""cà chua"",""start"":15,""end"":22}]"
"sâu bệnh trên cây cam","[{""type"":""CROP_NAME"",""value"":""cam"",""start"":18,""end"":21}]"
"bón phân cho ớt chuông","[{""type"":""CROP_NAME"",""value"":""ớt chuông"",""start"":13,""end"":22}]"
"thu hoạch khoai lang","[{""type"":""CROP_NAME"",""value"":""khoai lang"",""start"":10,""end"":20}]"
"giống ngô nếp này có tốt không?","[{""type"":""CROP_NAME"",""value"":""ngô nếp"",""start"":6,""end"":13}]"
"cách chăm sóc cây sầu riêng","[{""type"":""CROP_NAME"",""value"":""sầu riêng"",""start"":16,""end"":25}]"
"vườn dưa hấu nhà tôi bị bệnh","[{""type"":""CROP_NAME"",""value"":""dưa hấu"",""start"":5,""end"":12}]"
"bao giờ thì tưới cho rau muống?","[{""type"":""CROP_NAME"",""value"":""rau muống"",""start"":20,""end"":29}]"
"tôi muốn trồng thêm bí đao","[{""type"":""CROP_NAME"",""value"":""bí đao"",""start"":19,""end"":25}]"
"giá cà phê hôm nay","[{""type"":""CROP_NAME"",""value"":""cà phê"",""start"":4,""end"":10}]"
"cây bưởi da xanh đang ra hoa","[{""type"":""CROP_NAME"",""value"":""bưởi da xanh"",""start"":4,""end"":16}]"
"giống lúa ST25 năng suất cao","[{""type"":""CROP_NAME"",""value"":""lúa ST25"",""start"":6,""end"":14}]"
"bệnh vàng lá trên cây có múi","[{""type"":""CROP_NAME"",""value"":""cây có múi"",""start"":21,""end"":32}]"
"tôi muốn trồng hoa lan","[{""type"":""CROP_NAME"",""value"":""hoa lan"",""start"":15,""end"":22}]"
"cây tiêu đang bị rệp","[{""type"":""CROP_NAME"",""value"":""tiêu"",""start"":4,""end"":8}]"
"phun thuốc cho vườn nhãn","[{""type"":""CROP_NAME"",""value"":""nhãn"",""start"":19,""end"":23}]"
"cách trồng nấm rơm","[{""type"":""CROP_NAME"",""value"":""nấm rơm"",""start"":10,""end"":18}]"
"thời vụ trồng đậu tương","[{""type"":""CROP_NAME"",""value"":""đậu tương"",""start"":13,""end"":22}]"
"cây thanh long bị đốm trắng","[{""type"":""CROP_NAME"",""value"":""thanh long"",""start"":4,""end"":14}]"
"cải chíp bao lâu thì thu hoạch?","[{""type"":""CROP_NAME"",""value"":""cải chíp"",""start"":0,""end"":8}]"
"phòng bệnh cho cây dâu tây","[{""type"":""CROP_NAME"",""value"":""dâu tây"",""start"":17,""end"":24}]"
"giống bắp cải này chịu nhiệt tốt","[{""type"":""CROP_NAME"",""value"":""bắp cải"",""start"":6,""end"":13}]"
"tỉa cành cho cây bơ","[{""type"":""CROP_NAME"",""value"":""bơ"",""start"":16,""end"":18}]"
"cây xoài cát hòa lộc","[{""type"":""CROP_NAME"",""value"":""xoài cát hòa lộc"",""start"":4,""end"":20}]"
"cách trồng gừng trong bao","[{""type"":""CROP_NAME"",""value"":""gừng"",""start"":10,""end"":14}]"
"vườn ổi của tôi bị sâu","[{""type"":""CROP_NAME"",""value"":""ổi"",""start"":5,""end"":8}]"
"cây măng cụt lâu có trái không?","[{""type"":""CROP_NAME"",""value"":""măng cụt"",""start"":4,""end"":12}]"
"chăm sóc cây chè","[{""type"":""CROP_NAME"",""value"":""chè"",""start"":12,""end"":15}]"
"cách trồng rau mầm","[{""type"":""CROP_NAME"",""value"":""rau mầm"",""start"":10,""end"":17}]"
"giống mít thái này ngon","[{""type"":""CROP_NAME"",""value"":""mít thái"",""start"":6,""end"":14}]"
"bệnh trên cây lạc","[{""type"":""CROP_NAME"",""value"":""lạc"",""start"":13,""end"":16}]"
"trồng súp lơ xanh","[{""type"":""CROP_NAME"",""value"":""súp lơ xanh"",""start"":6,""end"":17}]"
"tôi muốn trồng củ cải trắng","[{""type"":""CROP_NAME"",""value"":""củ cải trắng"",""start"":15,""end"":28}]"
"cây chôm chôm đang bị bệnh","[{""type"":""CROP_NAME"",""value"":""chôm chôm"",""start"":4,""end"":12}]"
"cách trồng rau xà lách","[{""type"":""CROP_NAME"",""value"":""rau xà lách"",""start"":10,""end"":21}]"
"thông tin về giống tỏi cô đơn","[{""type"":""CROP_NAME"",""value"":""tỏi cô đơn"",""start"":18,""end"":29}]"
"cây su hào bị thối rễ","[{""type"":""CROP_NAME"",""value"":""su hào"",""start"":4,""end"":10}]"
"giá dừa xiêm hôm nay","[{""type"":""CROP_NAME"",""value"":""dừa xiêm"",""start"":4,""end"":12}]"
"cây điều bị bọ xít muỗi","[{""type"":""CROP_NAME"",""value"":""điều"",""start"":4,""end"":8}]"
"cách trồng hoa hồng","[{""type"":""CROP_NAME"",""value"":""hoa hồng"",""start"":10,""end"":18}]"
"giống cà rốt này củ to","[{""type"":""CROP_NAME"",""value"":""cà rốt"",""start"":6,""end"":12}]"
"cây cao su bị bệnh phấn trắng","[{""type"":""CROP_NAME"",""value"":""cao su"",""start"":4,""end"":10}]"
"tôi trồng hành lá","[{""type"":""CROP_NAME"",""value"":""hành lá"",""start"":10,""end"":17}]"
"cây sắn bị vàng lá","[{""type"":""CROP_NAME"",""value"":""sắn"",""start"":4,""end"":7}]"
"giống chanh không hạt","[{""type"":""CROP_NAME"",""value"":""chanh không hạt"",""start"":6,""end"":20}]"
"cách trồng cây bạc hà","[{""type"":""CROP_NAME"",""value"":""bạc hà"",""start"":16,""end"":22}]"
"thu hoạch mướp đắng","[{""type"":""CROP_NAME"",""value"":""mướp đắng"",""start"":10,""end"":19}]"
"thông tin về cây vú sữa","[{""type"":""CROP_NAME"",""value"":""vú sữa"",""start"":16,""end"":22}]"
"cây đậu bắp bị sâu đục trái","[{""type"":""CROP_NAME"",""value"":""đậu bắp"",""start"":4,""end"":11}]"
"bật máy bơm nước","[{""type"":""DEVICE"",""value"":""máy bơm nước"",""start"":4,""end"":16}]"
"tắt quạt thông gió","[{""type"":""DEVICE"",""value"":""quạt thông gió"",""start"":4,""end"":18}]"
"kiểm tra cảm biến độ ẩm","[{""type"":""DEVICE"",""value"":""cảm biến độ ẩm"",""start"":10,""end"":25}]"
"mở van số 2","[{""type"":""DEVICE"",""value"":""van số 2"",""start"":3,""end"":11}]"
"hệ thống tưới tự động đang chạy","[{""type"":""DEVICE"",""value"":""hệ thống tưới tự động"",""start"":0,""end"":22}]"
"lắp thêm đèn LED","[{""type"":""DEVICE"",""value"":""đèn LED"",""start"":9,""end"":16}]"
"drone đang phun thuốc","[{""type"":""DEVICE"",""value"":""drone"",""start"":0,""end"":5}]"
"tắt rơ le số 1","[{""type"":""DEVICE"",""value"":""rơ le số 1"",""start"":4,""end"":13}]"
"cảm biến nhiệt độ báo lỗi","[{""type"":""DEVICE"",""value"":""cảm biến nhiệt độ"",""start"":0,""end"":18}]"
"hệ thống tưới nhỏ giọt bị tắc","[{""type"":""DEVICE"",""value"":""hệ thống tưới nhỏ giọt"",""start"":0,""end"":23}]"
"mở nhà lưới","[{""type"":""DEVICE"",""value"":""nhà lưới"",""start"":3,""end"":11}]"
"đóng van điện từ","[{""type"":""DEVICE"",""value"":""van điện từ"",""start"":5,""end"":16}]"
"máy phun sương đang hoạt động","[{""type"":""DEVICE"",""value"":""máy phun sương"",""start"":0,""end"":14}]"
"kiểm tra camera giám sát","[{""type"":""DEVICE"",""value"":""camera giám sát"",""start"":10,""end"":25}]"
"máy cày đang ở đâu?","[{""type"":""DEVICE"",""value"":""máy cày"",""start"":0,""end"":7}]"
"cảm biến pH đang offline","[{""type"":""DEVICE"",""value"":""cảm biến pH"",""start"":0,""end"":12}]"
"tình trạng bộ điều khiển trung tâm","[{""type"":""DEVICE"",""value"":""bộ điều khiển trung tâm"",""start"":11,""end"":34}]"
"hệ thống châm phân tự động","[{""type"":""DEVICE"",""value"":""hệ thống châm phân tự động"",""start"":0,""end"":27}]"
"quạt đối lưu khu A đang tắt","[{""type"":""DEVICE"",""value"":""quạt đối lưu"",""start"":0,""end"":12}]"
"cảm biến ánh sáng có vấn đề","[{""type"":""DEVICE"",""value"":""cảm biến ánh sáng"",""start"":0,""end"":18}]"
"bật máy sưởi","[{""type"":""DEVICE"",""value"":""máy sưởi"",""start"":4,""end"":12}]"
"tắt máy sấy nông sản","[{""type"":""DEVICE"",""value"":""máy sấy nông sản"",""start"":4,""end"":20}]"
"trạm thời tiết báo gì?","[{""type"":""DEVICE"",""value"":""trạm thời tiết"",""start"":0,""end"":14}]"
"cảm biến CO2 đang báo động","[{""type"":""DEVICE"",""value"":""cảm biến CO2"",""start"":0,""end"":12}]"
"khởi động máy bơm 1","[{""type"":""DEVICE"",""value"":""máy bơm 1"",""start"":10,""end"":19}]"
"tắt van 3","[{""type"":""DEVICE"",""value"":""van 3"",""start"":4,""end"":9}]"
"máy gặt đang hoạt động","[{""type"":""DEVICE"",""value"":""máy gặt"",""start"":0,""end"":7}]"
"công tắc thông minh số 5","[{""type"":""DEVICE"",""value"":""công tắc thông minh số 5"",""start"":0,""end"":24}]"
"sửa chữa nhà màng","[{""type"":""DEVICE"",""value"":""nhà màng"",""start"":9,""end"":17}]"
"cảm biến EC bị hỏng","[{""type"":""DEVICE"",""value"":""cảm biến EC"",""start"":0,""end"":11}]"
"bật đèn sưởi cho gà","[{""type"":""DEVICE"",""value"":""đèn sưởi"",""start"":4,""end"":12}]"
"tắt hệ thống tưới phun sương","[{""type"":""DEVICE"",""value"":""hệ thống tưới phun sương"",""start"":4,""end"":29}]"
"cảm biến mực nước báo đầy","[{""type"":""DEVICE"",""value"":""cảm biến mực nước"",""start"":0,""end"":18}]"
"kết nối với máy ấp trứng","[{""type"":""DEVICE"",""value"":""máy ấp trứng"",""start"":13,""end"":25}]"
"van tưới khu B không mở","[{""type"":""DEVICE"",""value"":""van tưới khu B"",""start"":0,""end"":14}]"
"kiểm tra lại cảm biến gió","[{""type"":""DEVICE"",""value"":""cảm biến gió"",""start"":14,""end"":26}]"
"mở rèm che nắng","[{""type"":""DEVICE"",""value"":""rèm che nắng"",""start"":3,""end"":15}]"
"đóng lưới cắt nắng","[{""type"":""DEVICE"",""value"":""lưới cắt nắng"",""start"":5,""end"":18}]"
"cảm biến mưa đang báo","[{""type"":""DEVICE"",""value"":""cảm biến mưa"",""start"":0,""end"":12}]"
"tắt đèn UV","[{""type"":""DEVICE"",""value"":""đèn UV"",""start"":4,""end"":10}]"
"bật bơm chìm","[{""type"":""DEVICE"",""value"":""bơm chìm"",""start"":4,""end"":12}]"
"hệ thống aquaponics đang chạy","[{""type"":""DEVICE"",""value"":""hệ thống aquaponics"",""start"":0,""end"":19}]"
"cảm biến nồng độ oxy","[{""type"":""DEVICE"",""value"":""cảm biến nồng độ oxy"",""start"":0,""end"":21}]"
"máy đo pH cầm tay","[{""type"":""DEVICE"",""value"":""máy đo pH cầm tay"",""start"":0,""end"":17}]"
"khởi động máy phát điện","[{""type"":""DEVICE"",""value"":""máy phát điện"",""start"":10,""end"":23}]"
"kiểm tra cảm biến lá","[{""type"":""DEVICE"",""value"":""cảm biến lá"",""start"":10,""end"":21}]"
"tắt bơm tăng áp","[{""type"":""DEVICE"",""value"":""bơm tăng áp"",""start"":4,""end"":15}]"
"cảm biến độ mặn bị lỗi","[{""type"":""DEVICE"",""value"":""cảm biến độ mặn"",""start"":0,""end"":16}]"
"bật máy sục khí","[{""type"":""DEVICE"",""value"":""máy sục khí"",""start"":4,""end"":15}]"
"hệ thống thủy canh đang hoạt động","[{""type"":""DEVICE"",""value"":""hệ thống thủy canh"",""start"":0,""end"":19}]"
"kiểm tra nhiệt độ","[{""type"":""SENSOR_TYPE"",""value"":""nhiệt độ"",""start"":10,""end"":18}]"
"xem độ ẩm đất","[{""type"":""SENSOR_TYPE"",""value"":""độ ẩm đất"",""start"":4,""end"":15}]"
"ánh sáng hiện tại là bao nhiêu?","[{""type"":""SENSOR_TYPE"",""value"":""ánh sáng"",""start"":0,""end"":9}]"
"độ ẩm không khí đang cao","[{""type"":""SENSOR_TYPE"",""value"":""độ ẩm không khí"",""start"":0,""end"":16}]"
"cho xem nồng độ CO2","[{""type"":""SENSOR_TYPE"",""value"":""nồng độ CO2"",""start"":8,""end"":19}]"
"đo pH của đất","[{""type"":""SENSOR_TYPE"",""value"":""pH của đất"",""start"":3,""end"":13}]"
"EC nước tưới là mấy?","[{""type"":""SENSOR_TYPE"",""value"":""EC nước tưới"",""start"":0,""end"":12}]"
"cường độ ánh sáng đang thấp","[{""type"":""SENSOR_TYPE"",""value"":""cường độ ánh sáng"",""start"":0,""end"":18}]"
"nhiệt độ đất là bao nhiêu?","[{""type"":""SENSOR_TYPE"",""value"":""nhiệt độ đất"",""start"":0,""end"":12}]"
"xem lượng mưa hôm nay","[{""type"":""SENSOR_TYPE"",""value"":""lượng mưa"",""start"":4,""end"":13}]"
"kiểm tra tốc độ gió","[{""type"":""SENSOR_TYPE"",""value"":""tốc độ gió"",""start"":10,""end"":20}]"
"hướng gió hiện tại?","[{""type"":""SENSOR_TYPE"",""value"":""hướng gió"",""start"":0,""end"":9}]"
"đo độ mặn của nước","[{""type"":""SENSOR_TYPE"",""value"":""độ mặn của nước"",""start"":3,""end"":19}]"
"nồng độ dinh dưỡng trong dung dịch?","[{""type"":""SENSOR_TYPE"",""value"":""nồng độ dinh dưỡng"",""start"":0,""end"":18}]"
"nhiệt độ lá đang cao","[{""type"":""SENSOR_TYPE"",""value"":""nhiệt độ lá"",""start"":0,""end"":11}]"
"kiểm tra bức xạ mặt trời","[{""type"":""SENSOR_TYPE"",""value"":""bức xạ mặt trời"",""start"":10,""end"":26}]"
"cho xem chỉ số PAR","[{""type"":""SENSOR_TYPE"",""value"":""PAR"",""start"":14,""end"":17}]"
"nồng độ oxy hòa tan (DO) là bao nhiêu?","[{""type"":""SENSOR_TYPE"",""value"":""nồng độ oxy hòa tan (DO)"",""start"":0,""end"":26}]"
"xem mực nước trong bể","[{""type"":""SENSOR_TYPE"",""value"":""mực nước"",""start"":4,""end"":12}]"
"độ pH nước tưới?","[{""type"":""SENSOR_TYPE"",""value"":""pH nước tưới"",""start"":3,""end"":15}]"
"chỉ số lux hiện tại?","[{""type"":""SENSOR_TYPE"",""value"":""lux"",""start"":8,""end"":11}]"
"áp suất không khí là bao nhiêu?","[{""type"":""SENSOR_TYPE"",""value"":""áp suất không khí"",""start"":0,""end"":17}]"
"độ ẩm lá có cao không?","[{""type"":""SENSOR_TYPE"",""value"":""độ ẩm lá"",""start"":0,""end"":9}]"
"kiểm tra nồng độ NPK","[{""type"":""SENSOR_TYPE"",""value"":""nồng độ NPK"",""start"":10,""end"":21}]"
"đo độ dẫn điện của đất","[{""type"":""SENSOR_TYPE"",""value"":""độ dẫn điện của đất"",""start"":3,""end"":22}]"
"nhiệt độ nước trong hồ?","[{""type"":""SENSOR_TYPE"",""value"":""nhiệt độ nước"",""start"":0,""end"":13}]"
"xem nồng độ oxy","[{""type"":""SENSOR_TYPE"",""value"":""nồng độ oxy"",""start"":4,""end"":15}]"
"chỉ số ORP của nước?","[{""type"":""SENSOR_TYPE"",""value"":""ORP"",""start"":8,""end"":11}]"
"độ đục của nước là bao nhiêu?","[{""type"":""SENSOR_TYPE"",""value"":""độ đục của nước"",""start"":0,""end"":16}]"
"kiểm tra độ ẩm đất khu A","[{""type"":""SENSOR_TYPE"",""value"":""độ ẩm đất"",""start"":10,""end"":21}]"
"nhiệt độ khu C đang là mấy?","[{""type"":""SENSOR_TYPE"",""value"":""nhiệt độ"",""start"":0,""end"":8}]"
"ánh sáng vườn ươm thế nào?","[{""type"":""SENSOR_TYPE"",""value"":""ánh sáng"",""start"":0,""end"":9}]"
"lấy giá trị pH","[{""type"":""SENSOR_TYPE"",""value"":""pH"",""start"":12,""end"":14}]"
"cho tôi chỉ số EC","[{""type"":""SENSOR_TYPE"",""value"":""EC"",""start"":15,""end"":17}]"
"độ ẩm hôm nay?","[{""type"":""SENSOR_TYPE"",""value"":""độ ẩm"",""start"":0,""end"":6}]"
"nhiệt độ ngoài trời?","[{""type"":""SENSOR_TYPE"",""value"":""nhiệt độ ngoài trời"",""start"":0,""end"":19}]"
"nhiệt độ trong nhà màng?","[{""type"":""SENSOR_TYPE"",""value"":""nhiệt độ"",""start"":0,""end"":8}]"
"xem nồng độ O2","[{""type"":""SENSOR_TYPE"",""value"":""nồng độ O2"",""start"":4,""end"":14}]"
"đo độ mặn","[{""type"":""SENSOR_TYPE"",""value"":""độ mặn"",""start"":3,""end"":9}]"
"mực nước còn bao nhiêu?","[{""type"":""SENSOR_TYPE"",""value"":""mực nước"",""start"":0,""end"":9}]"
"lượng mưa 1 giờ qua?","[{""type"":""SENSOR_TYPE"",""value"":""lượng mưa"",""start"":0,""end"":9}]"
"tốc độ gió trung bình?","[{""type"":""SENSOR_TYPE"",""value"":""tốc độ gió"",""start"":0,""end"":10}]"
"chỉ số tia UV?","[{""type"":""SENSOR_TYPE"",""value"":""tia UV"",""start"":8,""end"":14}]"
"đo pH nước","[{""type"":""SENSOR_TYPE"",""value"":""pH nước"",""start"":3,""end"":10}]"
"độ ẩm đất đang thấp","[{""type"":""SENSOR_TYPE"",""value"":""độ ẩm đất"",""start"":0,""end"":11}]"
"xem nhiệt độ kho lạnh","[{""type"":""SENSOR_TYPE"",""value"":""nhiệt độ"",""start"":4,""end"":12}]"
"nồng độ CO2 quá cao","[{""type"":""SENSOR_TYPE"",""value"":""nồng độ CO2"",""start"":0,""end"":11}]"
"kiểm tra ánh sáng khu B","[{""type"":""SENSOR_TYPE"",""value"":""ánh sáng"",""start"":10,""end"":18}]"
"độ dẫn điện EC là bao nhiêu?","[{""type"":""SENSOR_TYPE"",""value"":""độ dẫn điện EC"",""start"":0,""end"":14}]"
"giá trị nồng độ dinh dưỡng?","[{""type"":""SENSOR_TYPE"",""value"":""nồng độ dinh dưỡng"",""start"":9,""end"":27}]"
"nhiệt độ hiện tại là 25°C","[{""type"":""METRIC_VALUE"",""value"":""25°C"",""start"":21,""end"":25}]"
"độ ẩm đất đang là 78%","[{""type"":""METRIC_VALUE"",""value"":""78%"",""start"":17,""end"":20}]"
"ánh sáng đo được 8000 lux","[{""type"":""METRIC_VALUE"",""value"":""8000 lux"",""start"":16,""end"":24}]"
"nồng độ CO2 là 1200 ppm","[{""type"":""METRIC_VALUE"",""value"":""1200 ppm"",""start"":14,""end"":22}]"
"độ pH của đất là 6.5","[{""type"":""METRIC_VALUE"",""value"":""6.5"",""start"":19,""end"":22}]"
"chỉ số EC đo được 1.8","[{""type"":""METRIC_VALUE"",""value"":""1.8"",""start"":17,""end"":20}]"
"lượng mưa hôm nay 15mm","[{""type"":""METRIC_VALUE"",""value"":""15mm"",""start"":16,""end"":20}]"
"tốc độ gió 2.5 m/s","[{""type"":""METRIC_VALUE"",""value"":""2.5 m/s"",""start"":12,""end"":19}]"
"nhiệt độ đang ở 31 độ","[{""type"":""METRIC_VALUE"",""value"":""31 độ"",""start"":16,""end"":21}]"
"độ ẩm không khí 92 phần trăm","[{""type"":""METRIC_VALUE"",""value"":""92 phần trăm"",""start"":18,""end"":30}]"
"nhiệt độ nước là 22.5 độ C","[{""type"":""METRIC_VALUE"",""value"":""22.5 độ C"",""start"":17,""end"":26}]"
"độ mặn nước 0.3 ppt","[{""type"":""METRIC_VALUE"",""value"":""0.3 ppt"",""start"":13,""end"":20}]"
"áp suất không khí 101 kPa","[{""type"":""METRIC_VALUE"",""value"":""101 kPa"",""start"":19,""end"":26}]"
"giá trị pH là 5.0","[{""type"":""METRIC_VALUE"",""value"":""5.0"",""start"":14,""end"":17}]"
"đo được EC 2.1","[{""type"":""METRIC_VALUE"",""value"":""2.1"",""start"":11,""end"":14}]"
"ánh sáng chỉ 300 lux","[{""type"":""METRIC_VALUE"",""value"":""300 lux"",""start"":12,""end"":19}]"
"nhiệt độ kho lạnh -5°C","[{""type"":""METRIC_VALUE"",""value"":""-5°C"",""start"":17,""end"":21}]"
"độ ẩm đang ở mức 60%","[{""type"":""METRIC_VALUE"",""value"":""60%"",""start"":19,""end"":22}]"
"nồng độ ppm là 800","[{""type"":""METRIC_VALUE"",""value"":""800"",""start"":15,""end"":18}]"
"độ ẩm quá cao, 99%","[{""type"":""METRIC_VALUE"",""value"":""99%"",""start"":17,""end"":20}]"
"nhiệt độ 40 độ C là quá nóng","[{""type"":""METRIC_VALUE"",""value"":""40 độ C"",""start"":9,""end"":16}]"
"chỉ số PAR là 1500","[{""type"":""METRIC_VALUE"",""value"":""1500"",""start"":15,""end"":19}]"
"nồng độ oxy 8 mg/L","[{""type"":""METRIC_VALUE"",""value"":""8 mg/L"",""start"":13,""end"":19}]"
"pH nước 7.2","[{""type"":""METRIC_VALUE"",""value"":""7.2"",""start"":8,""end"":11}]"
"EC đất 0.8","[{""type"":""METRIC_VALUE"",""value"":""0.8"",""start"":7,""end"":10}]"
"độ ẩm 55.5%","[{""type"":""METRIC_VALUE"",""value"":""55.5%"",""start"":7,""end"":12}]"
"nhiệt độ 28.3 độ","[{""type"":""METRIC_VALUE"",""value"":""28.3 độ"",""start"":9,""end"":16}]"
"lượng mưa 0mm","[{""type"":""METRIC_VALUE"",""value"":""0mm"",""start"":10,""end"":13}]"
"gió 15 km/h","[{""type"":""METRIC_VALUE"",""value"":""15 km/h"",""start"":4,""end"":11}]"
"độ ẩm đất 45%","[{""type"":""METRIC_VALUE"",""value"":""45%"",""start"":12,""end"":15}]"
"nhiệt độ chỉ 15 độ","[{""type"":""METRIC_VALUE"",""value"":""15 độ"",""start"":12,""end"":17}]"
"ánh sáng 12000 lux","[{""type"":""METRIC_VALUE"",""value"":""12000 lux"",""start"":9,""end"":18}]"
"CO2 600 ppm","[{""type"":""METRIC_VALUE"",""value"":""600 ppm"",""start"":4,""end"":11}]"
"pH 8.1","[{""type"":""METRIC_VALUE"",""value"":""8.1"",""start"":3,""end"":6}]"
"EC 3.0","[{""type"":""METRIC_VALUE"",""value"":""3.0"",""start"":3,""end"":6}]"
"nhiệt độ 27C","[{""type"":""METRIC_VALUE"",""value"":""27C"",""start"":9,""end"":12}]"
"độ ẩm 68 %","[{""type"":""METRIC_VALUE"",""value"":""68 %"",""start"":7,""end"":11}]"
"giá trị đo được là 42","[{""type"":""METRIC_VALUE"",""value"":""42"",""start"":20,""end"":22}]"
"độ mặn 1.2 ppt","[{""type"":""METRIC_VALUE"",""value"":""1.2 ppt"",""start"":8,""end"":15}]"
"nhiệt độ xuống 10 độ","[{""type"":""METRIC_VALUE"",""value"":""10 độ"",""start"":14,""end"":19}]"
"độ ẩm 100%","[{""type"":""METRIC_VALUE"",""value"":""100%"",""start"":7,""end"":11}]"
"ánh sáng 0 lux","[{""type"":""METRIC_VALUE"",""value"":""0 lux"",""start"":9,""end"":14}]"
"CO2 450ppm","[{""type"":""METRIC_VALUE"",""value"":""450ppm"",""start"":4,""end"":10}]"
"pH đất 7.0","[{""type"":""METRIC_VALUE"",""value"":""7.0"",""start"":7,""end"":10}]"
"EC 1.0","[{""type"":""METRIC_VALUE"",""value"":""1.0"",""start"":3,""end"":6}]"
"nhiệt độ 32.7 độ","[{""type"":""METRIC_VALUE"",""value"":""32.7 độ"",""start"":9,""end"":16}]"
"độ ẩm 88%","[{""type"":""METRIC_VALUE"",""value"":""88%"",""start"":7,""end"":10}]"
"lượng mưa 50 mm","[{""type"":""METRIC_VALUE"",""value"":""50 mm"",""start"":10,""end"":15}]"
"gió 0 m/s","[{""type"":""METRIC_VALUE"",""value"":""0 m/s"",""start"":4,""end"":9}]"
"giá trị là 25 độ","[{""type"":""METRIC_VALUE"",""value"":""25 độ"",""start"":11,""end"":16}]"
"kiểm tra lịch hôm nay","[{""type"":""DATE"",""value"":""hôm nay"",""start"":14,""end"":21}]"
"ngày mai tưới nước nhé","[{""type"":""DATE"",""value"":""ngày mai"",""start"":0,""end"":8}]"
"hôm qua tôi đã bón phân","[{""type"":""DATE"",""value"":""hôm qua"",""start"":0,""end"":7}]"
"báo cáo chi phí tuần này","[{""type"":""DATE"",""value"":""tuần này"",""start"":16,""end"":24}]"
"doanh thu của tháng này","[{""type"":""DATE"",""value"":""tháng này"",""start"":13,""end"":22}]"
"kế hoạch cho năm nay","[{""type"":""DATE"",""value"":""năm nay"",""start"":12,""end"":19}]"
"tuần trước đã phun thuốc","[{""type"":""DATE"",""value"":""tuần trước"",""start"":0,""end"":10}]"
"tháng trước mưa nhiều","[{""type"":""DATE"",""value"":""tháng trước"",""start"":0,""end"":11}]"
"năm ngoái năng suất cao","[{""type"":""DATE"",""value"":""năm ngoái"",""start"":0,""end"":9}]"
"lịch làm việc tuần sau","[{""type"":""DATE"",""value"":""tuần sau"",""start"":14,""end"":22}]"
"đặt hàng cho tháng tới","[{""type"":""DATE"",""value"":""tháng tới"",""start"":12,""end"":21}]"
"dự báo cho năm sau","[{""type"":""DATE"",""value"":""năm sau"",""start"":11,""end"":18}]"
"thu hoạch vào ngày 15/10","[{""type"":""DATE"",""value"":""15/10"",""start"":15,""end"":20}]"
"hóa đơn ngày 20-11-2024","[{""type"":""DATE"",""value"":""20-11-2024"",""start"":12,""end"":22}]"
"ghi lại sự kiện 01/01","[{""type"":""DATE"",""value"":""01/01"",""start"":16,""end"":21}]"
"hẹn tưới lúc 5 giờ sáng","[{""type"":""DATE"",""value"":""5 giờ sáng"",""start"":13,""end"":23}]"
"bật đèn lúc 6h tối","[{""type"":""DATE"",""value"":""6h tối"",""start"":12,""end"":18}]"
"họp vào 14h chiều nay","[{""type"":""DATE"",""value"":""14h chiều nay"",""start"":8,""end"":21}]"
"báo cáo của quý 1","[{""type"":""DATE"",""value"":""quý 1"",""start"":12,""end"":17}]"
"doanh thu quý 4 năm 2023","[{""type"":""DATE"",""value"":""quý 4 năm 2023"",""start"":10,""end"":24}]"
"chi phí 6 tháng đầu năm","[{""type"":""DATE"",""value"":""6 tháng đầu năm"",""start"":8,""end"":23}]"
"kết quả 3 tháng cuối năm","[{""type"":""DATE"",""value"":""3 tháng cuối năm"",""start"":8,""end"":24}]"
"lịch họp ngày 1 tháng 5","[{""type"":""DATE"",""value"":""1 tháng 5"",""start"":11,""end"":20}]"
"tôi đi vắng 3 ngày nữa","[{""type"":""DATE"",""value"":""3 ngày nữa"",""start"":12,""end"":22}]"
"cách đây 2 tuần đã tưới","[{""type"":""DATE"",""value"":""cách đây 2 tuần"",""start"":0,""end"":15}]"
"hạn chót là thứ 6","[{""type"":""DATE"",""value"":""thứ 6"",""start"":13,""end"":18}]"
"chủ nhật này nghỉ","[{""type"":""DATE"",""value"":""chủ nhật này"",""start"":0,""end"":12}]"
"làm việc vào thứ hai tuần sau","[{""type"":""DATE"",""value"":""thứ hai tuần sau"",""start"":12,""end"":28}]"
"hôm kia trời mưa to","[{""type"":""DATE"",""value"":""hôm kia"",""start"":0,""end"":7}]"
"ngày kia sẽ gieo hạt","[{""type"":""DATE"",""value"":""ngày kia"",""start"":0,""end"":8}]"
"bây giờ là mấy giờ?","[{""type"":""DATE"",""value"":""bây giờ"",""start"":0,""end"":6}]"
"sáng nay có hoạt động gì?","[{""type"":""DATE"",""value"":""sáng nay"",""start"":0,""end"":8}]"
"chiều nay tôi bận","[{""type"":""DATE"",""value"":""chiều nay"",""start"":0,""end"":9}]"
"tối qua có mưa không?","[{""type"":""DATE"",""value"":""tối qua"",""start"":0,""end"":7}]"
"trưa mai ăn gì?","[{""type"":""DATE"",""value"":""trưa mai"",""start"":0,""end"":8}]"
"cuối tuần này đi đâu?","[{""type"":""DATE"",""value"":""cuối tuần này"",""start"":0,""end"":13}]"
"đầu tháng sau lĩnh lương","[{""type"":""DATE"",""value"":""đầu tháng sau"",""start"":0,""end"":13}]"
"cuối năm nay tổng kết","[{""type"":""DATE"",""value"":""cuối năm nay"",""start"":0,""end"":12}]"
"vào tháng 12 trời lạnh","[{""type"":""DATE"",""value"":""tháng 12"",""start"":4,""end"":12}]"
"sinh nhật tôi là 10/10","[{""type"":""DATE"",""value"":""10/10"",""start"":17,""end"":22}]"
"báo cáo ngày 5.6.2023","[{""type"":""DATE"",""value"":""5.6.2023"",""start"":13,""end"":21}]"
"hạn nộp là 15/3","[{""type"":""DATE"",""value"":""15/3"",""start"":11,""end"":15}]"
"đã xảy ra 2 ngày trước","[{""type"":""DATE"",""value"":""2 ngày trước"",""start"":11,""end"":23}]"
"3 tuần sau sẽ xong","[{""type"":""DATE"",""value"":""3 tuần sau"",""start"":0,""end"":10}]"
"5 năm qua thay đổi nhiều","[{""type"":""DATE"",""value"":""5 năm qua"",""start"":0,""end"":9}]"
"ghi nhận lúc 15:30","[{""type"":""DATE"",""value"":""15:30"",""start"":13,""end"":18}]"
"hẹn lúc 8 giờ tối","[{""type"":""DATE"",""value"":""8 giờ tối"",""start"":8,""end"":17}]"
"vào năm 2025","[{""type"":""DATE"",""value"":""năm 2025"",""start"":4,""end"":12}]"
"ngày 30 Tết","[{""type"":""DATE"",""value"":""30 Tết"",""start"":5,""end"":11}]"
"sự kiện 15/08/2023","[{""type"":""DATE"",""value"":""15/08/2023"",""start"":8,""end"":18}]"
"chi phí hết 100k","[{""type"":""MONEY"",""value"":""100k"",""start"":12,""end"":16}]"
"doanh thu được 5 triệu","[{""type"":""MONEY"",""value"":""5 triệu"",""start"":15,""end"":22}]"
"lợi nhuận 1.5 triệu đồng","[{""type"":""MONEY"",""value"":""1.5 triệu đồng"",""start"":10,""end"":24}]"
"giá 50 ngàn","[{""type"":""MONEY"",""value"":""50 ngàn"",""start"":4,""end"":11}]"
"tổng chi 2,500,000 VNĐ","[{""type"":""MONEY"",""value"":""2,500,000 VNĐ"",""start"":9,""end"":23}]"
"bán được 300 nghìn","[{""type"":""MONEY"",""value"":""300 nghìn"",""start"":9,""end"":18}]"
"thuốc này giá 75.000đ","[{""type"":""MONEY"",""value"":""75.000đ"",""start"":13,""end"":21}]"
"lãi 12tr","[{""type"":""MONEY"",""value"":""12tr"",""start"":4,""end"":8}]"
"dự án 2 tỷ","[{""type"":""MONEY"",""value"":""2 tỷ"",""start"":7,""end"":11}]"
"chi 1,2 tỷ đồng","[{""type"":""MONEY"",""value"":""1,2 tỷ đồng"",""start"":4,""end"":15}]"
"còn nợ 500.000","[{""type"":""MONEY"",""value"":""500.000"",""start"":8,""end"":15}]"
"giá 20k/kg","[{""type"":""MONEY"",""value"":""20k/kg"",""start"":4,""end"":10}]"
"chi phí 10 triệu 500 nghìn","[{""type"":""MONEY"",""value"":""10 triệu 500 nghìn"",""start"":8,""end"":26}]"
"tổng thu 150 triệu","[{""type"":""MONEY"",""value"":""150 triệu"",""start"":9,""end"":18}]"
"giá 500 đồng","[{""type"":""MONEY"",""value"":""500 đồng"",""start"":4,""end"":12}]"
"lỗ 50 triệu","[{""type"":""MONEY"",""value"":""50 triệu"",""start"":3,""end"":11}]"
"giá chỉ 10.000 vnd","[{""type"":""MONEY"",""value"":""10.000 vnd"",""start"":8,""end"":18}]"
"trả 70k tiền điện","[{""type"":""MONEY"",""value"":""70k"",""start"":4,""end"":7}]"
"đầu tư 1 tỉ 2","[{""type"":""MONEY"",""value"":""1 tỉ 2"",""start"":8,""end"":14}]"
"hóa đơn 800k","[{""type"":""MONEY"",""value"":""800k"",""start"":8,""end"":12}]"
"thu 5tr5","[{""type"":""MONEY"",""value"":""5tr5"",""start"":4,""end"":8}]"
"chi 250 ngàn","[{""type"":""MONEY"",""value"":""250 ngàn"",""start"":4,""end"":12}]"
"giá 199k","[{""type"":""MONEY"",""value"":""199k"",""start"":4,""end"":8}]"
"doanh số 120 triệu","[{""type"":""MONEY"",""value"":""120 triệu"",""start"":10,""end"":19}]"
"chi phí 3,2tr","[{""type"":""MONEY"",""value"":""3,2tr"",""start"":8,""end"":13}]"
"giá 500.000 đồng một con","[{""type"":""MONEY"",""value"":""500.000 đồng"",""start"":4,""end"":16}]"
"tổng cộng 1 triệu 2","[{""type"":""MONEY"",""value"":""1 triệu 2"",""start"":10,""end"":19}]"
"cần 50 triệu vốn","[{""type"":""MONEY"",""value"":""50 triệu"",""start"":4,""end"":12}]"
"giá 25 nghìn 1 mớ","[{""type"":""MONEY"",""value"":""25 nghìn"",""start"":4,""end"":12}]"
"bán 200k tiền rau","[{""type"":""MONEY"",""value"":""200k"",""start"":4,""end"":8}]"
"lương 15 triệu","[{""type"":""MONEY"",""value"":""15 triệu"",""start"":6,""end"":14}]"
"phạt 1 triệu","[{""type"":""MONEY"",""value"":""1 triệu"",""start"":5,""end"":12}]"
"thưởng 500k","[{""type"":""MONEY"",""value"":""500k"",""start"":7,""end"":11}]"
"giá là mười nghìn","[{""type"":""MONEY"",""value"":""mười nghìn"",""start"":7,""end"":17}]"
"năm triệu đồng","[{""type"":""MONEY"",""value"":""năm triệu đồng"",""start"":0,""end"":14}]"
"chi phí 20.000.000","[{""type"":""MONEY"",""value"":""20.000.000"",""start"":8,""end"":18}]"
"giá 99.000","[{""type"":""MONEY"",""value"":""99.000"",""start"":4,""end"":10}]"
"đã trả 100 triệu","[{""type"":""MONEY"",""value"":""100 triệu"",""start"":7,""end"":16}]"
"cần 1 tỷ đồng","[{""type"":""MONEY"",""value"":""1 tỷ đồng"",""start"":4,""end"":13}]"
"thu về 500tr","[{""type"":""MONEY"",""value"":""500tr"",""start"":7,""end"":12}]"
"giá 45k","[{""type"":""MONEY"",""value"":""45k"",""start"":4,""end"":7}]"
"lỗ 200 triệu","[{""type"":""MONEY"",""value"":""200 triệu"",""start"":3,""end"":12}]"
"chi phí 12.5 triệu","[{""type"":""MONEY"",""value"":""12.5 triệu"",""start"":8,""end"":18}]"
"tổng 850k","[{""type"":""MONEY"",""value"":""850k"",""start"":5,""end"":9}]"
"doanh thu 3.1 tỷ","[{""type"":""MONEY"",""value"":""3.1 tỷ"",""start"":10,""end"":16}]"
"chi phí 60 ngàn đồng","[{""type"":""MONEY"",""value"":""60 ngàn đồng"",""start"":8,""end"":20}]"
"thu nhập 18 triệu/tháng","[{""type"":""MONEY"",""value"":""18 triệu"",""start"":9,""end"":17}]"
"giá 200.000 VNĐ","[{""type"":""MONEY"",""value"":""200.000 VNĐ"",""start"":4,""end"":16}]"
"lãi ròng 300tr","[{""type"":""MONEY"",""value"":""300tr"",""start"":9,""end"":14}]"
"tổng 1 triệu 8","[{""type"":""MONEY"",""value"":""1 triệu 8"",""start"":5,""end"":14}]"
"tưới nước trong 10 phút","[{""type"":""DURATION"",""value"":""10 phút"",""start"":16,""end"":23}]"
"bật máy bơm 2 giờ","[{""type"":""DURATION"",""value"":""2 giờ"",""start"":13,""end"":18}]"
"chạy quạt trong 30 phút","[{""type"":""DURATION"",""value"":""30 phút"",""start"":12,""end"":19}]"
"bật đèn 8 tiếng mỗi ngày","[{""type"":""DURATION"",""value"":""8 tiếng"",""start"":9,""end"":16}]"
"ngâm hạt giống 12 tiếng","[{""type"":""DURATION"",""value"":""12 tiếng"",""start"":15,""end"":23}]"
"ủ phân trong 2 tuần","[{""type"":""DURATION"",""value"":""2 tuần"",""start"":11,""end"":18}]"
"cây phát triển 3 tháng","[{""type"":""DURATION"",""value"":""3 tháng"",""start"":16,""end"":24}]"
"hợp đồng thuê đất 5 năm","[{""type"":""DURATION"",""value"":""5 năm"",""start"":18,""end"":23}]"
"chờ trong nửa tiếng","[{""type"":""DURATION"",""value"":""nửa tiếng"",""start"":10,""end"":19}]"
"việc này mất cả ngày","[{""type"":""DURATION"",""value"":""cả ngày"",""start"":12,""end"":19}]"
"phơi thóc 2 ngày nắng","[{""type"":""DURATION"",""value"":""2 ngày"",""start"":10,""end"":16}]"
"tắt máy sau 15 phút","[{""type"":""DURATION"",""value"":""15 phút"",""start"":11,""end"":18}]"
"chạy máy 1 giờ liên tục","[{""type"":""DURATION"",""value"":""1 giờ"",""start"":10,""end"":15}]"
"nghỉ 5 phút","[{""type"":""DURATION"",""value"":""5 phút"",""start"":5,""end"":11}]"
"hẹn tưới 45 phút","[{""type"":""DURATION"",""value"":""45 phút"",""start"":9,""end"":16}]"
"mở van 1 tiếng rưỡi","[{""type"":""DURATION"",""value"":""1 tiếng rưỡi"",""start"":7,""end"":19}]"
"cách ly cây 1 tuần","[{""type"":""DURATION"",""value"":""1 tuần"",""start"":12,""end"":18}]"
"gieo mạ 10 ngày","[{""type"":""DURATION"",""value"":""10 ngày"",""start"":9,""end"":16}]"
"bảo hành 6 tháng","[{""type"":""DURATION"",""value"":""6 tháng"",""start"":10,""end"":17}]"
"chờ 30 giây","[{""type"":""DURATION"",""value"":""30 giây"",""start"":4,""end"":11}]"
"tưới 1 phút","[{""type"":""DURATION"",""value"":""1 phút"",""start"":6,""end"":12}]"
"bật đèn 10 giờ/ngày","[{""type"":""DURATION"",""value"":""10 giờ/ngày"",""start"":9,""end"":19}]"
"chu kỳ 45 ngày","[{""type"":""DURATION"",""value"":""45 ngày"",""start"":8,""end"":15}]"
"sạc pin 3 giờ","[{""type"":""DURATION"",""value"":""3 giờ"",""start"":8,""end"":13}]"
"tắt máy trong 5 giây","[{""type"":""DURATION"",""value"":""5 giây"",""start"":12,""end"":18}]"
"mở nước 12 phút","[{""type"":""DURATION"",""value"":""12 phút"",""start"":8,""end"":15}]"
"chạy quạt 1.5 giờ","[{""type"":""DURATION"",""value"":""1.5 giờ"",""start"":10,""end"":17}]"
"ủ 30 ngày","[{""type"":""DURATION"",""value"":""30 ngày"",""start"":2,""end"":9}]"
"mất 2 năm để ra quả","[{""type"":""DURATION"",""value"":""2 năm"",""start"":4,""end"":9}]"
"tưới suốt 3 tiếng","[{""type"":""DURATION"",""value"":""3 tiếng"",""start"":10,""end"":17}]"
"chỉ 20 phút thôi","[{""type"":""DURATION"",""value"":""20 phút"",""start"":4,""end"":11}]"
"mở máy 24 giờ","[{""type"":""DURATION"",""value"":""24 giờ"",""start"":8,""end"":14}]"
"gieo hạt 1 tuần rồi","[{""type"":""DURATION"",""value"":""1 tuần"",""start"":9,""end"":15}]"
"cây con 1 tháng tuổi","[{""type"":""DURATION"",""value"":""1 tháng"",""start"":8,""end"":15}]"
"tưới 20 giây","[{""type"":""DURATION"",""value"":""20 giây"",""start"":6,""end"":13}]"
"làm trong 4 giờ","[{""type"":""DURATION"",""value"":""4 giờ"",""start"":9,""end"":14}]"
"diễn ra 3 ngày 2 đêm","[{""type"":""DURATION"",""value"":""3 ngày 2 đêm"",""start"":8,""end"":20}]"
"phơi 1 nắng","[{""type"":""DURATION"",""value"":""1 nắng"",""start"":5,""end"":11}]"
"bật quạt 2 tiếng rưỡi","[{""type"":""DURATION"",""value"":""2 tiếng rưỡi"",""start"":9,""end"":21}]"
"hẹn 60 phút nữa tưới","[{""type"":""DURATION"",""value"":""60 phút"",""start"":4,""end"":11}]"
"chạy 120 giây","[{""type"":""DURATION"",""value"":""120 giây"",""start"":5,""end"":13}]"
"chỉ 5 phút","[{""type"":""DURATION"",""value"":""5 phút"",""start"":4,""end"":10}]"
"cả buổi sáng","[{""type"":""DURATION"",""value"":""cả buổi sáng"",""start"":0,""end"":12}]"
"suốt cả tuần","[{""type"":""DURATION"",""value"":""suốt cả tuần"",""start"":0,""end"":12}]"
"mất 1 quý","[{""type"":""DURATION"",""value"":""1 quý"",""start"":4,""end"":9}]"
"hẹn giờ 180 phút","[{""type"":""DURATION"",""value"":""180 phút"",""start"":8,""end"":16}]"
"phát triển 60 ngày","[{""type"":""DURATION"",""value"":""60 ngày"",""start"":12,""end"":19}]"
"mở máy 3 giờ","[{""type"":""DURATION"",""value"":""3 giờ"",""start"":8,""end"":13}]"
"tưới trong 25 phút","[{""type"":""DURATION"",""value"":""25 phút"",""start"":10,""end"":17}]"
"chờ 1 giờ 15 phút","[{""type"":""DURATION"",""value"":""1 giờ 15 phút"",""start"":4,""end"":18}]"
"tưới nước khu A","[{""type"":""AREA"",""value"":""khu A"",""start"":10,""end"":15}]"
"kiểm tra luống B1","[{""type"":""AREA"",""value"":""luống B1"",""start"":10,""end"":18}]"
"nhiệt độ ở vườn ươm","[{""type"":""AREA"",""value"":""vườn ươm"",""start"":12,""end"":21}]"
"bón phân cho vườn cam","[{""type"":""AREA"",""value"":""vườn cam"",""start"":13,""end"":21}]"
"tình trạng nhà màng số 2","[{""type"":""AREA"",""value"":""nhà màng số 2"",""start"":11,""end"":25}]"
"lấy hạt giống ở kho A","[{""type"":""AREA"",""value"":""kho A"",""start"":17,""end"":22}]"
"mực nước hồ số 1","[{""type"":""AREA"",""value"":""hồ số 1"",""start"":10,""end"":17}]"
"phun thuốc cho luống C2","[{""type"":""AREA"",""value"":""luống C2"",""start"":14,""end"":22}]"
"cây trồng ở khu vực 5","[{""type"":""AREA"",""value"":""khu vực 5"",""start"":12,""end"":22}]"
"vườn ổi bị sâu","[{""type"":""AREA"",""value"":""vườn ổi"",""start"":0,""end"":7}]"
"ánh sáng tại nhà kính 1","[{""type"":""AREA"",""value"":""nhà kính 1"",""start"":12,""end"":22}]"
"kiểm tra kho vật tư","[{""type"":""AREA"",""value"":""kho vật tư"",""start"":10,""end"":20}]"
"độ ẩm đất khu C","[{""type"":""AREA"",""value"":""khu C"",""start"":12,""end"":17}]"
"bơm nước vào bể B","[{""type"":""AREA"",""value"":""bể B"",""start"":13,""end"":18}]"
"vườn rau sau nhà","[{""type"":""AREA"",""value"":""vườn rau sau nhà"",""start"":0,""end"":16}]"
"tắt đèn ở luống 10","[{""type"":""AREA"",""value"":""luống 10"",""start"":10,""end"":18}]"
"khu F đang trồng gì?","[{""type"":""AREA"",""value"":""khu F"",""start"":0,""end"":5}]"
"nhiệt độ vườn ươm 2","[{""type"":""AREA"",""value"":""vườn ươm 2"",""start"":9,""end"":20}]"
"vườn bưởi da xanh","[{""type"":""AREA"",""value"":""vườn bưởi da xanh"",""start"":0,""end"":17}]"
"nhà màng D bị hỏng","[{""type"":""AREA"",""value"":""nhà màng D"",""start"":0,""end"":10}]"
"lấy đồ ở kho lạnh","[{""type"":""AREA"",""value"":""kho lạnh"",""start"":10,""end"":18}]"
"mực nước hồ chứa","[{""type"":""AREA"",""value"":""hồ chứa"",""start"":10,""end"":17}]"
"luống A1 cần tưới","[{""type"":""AREA"",""value"":""luống A1"",""start"":0,""end"":8}]"
"khu G có sâu","[{""type"":""AREA"",""value"":""khu G"",""start"":0,""end"":5}]"
"vườn 3 bị ngập","[{""type"":""AREA"",""value"":""vườn 3"",""start"":0,""end"":6}]"
"nhà kính C đang trống","[{""type"":""AREA"",""value"":""nhà kính C"",""start"":0,""end"":10}]"
"cất vào kho B2","[{""type"":""AREA"",""value"":""kho B2"",""start"":8,""end"":14}]"
"nước trong bể 1","[{""type"":""AREA"",""value"":""bể 1"",""start"":11,""end"":16}]"
"vườn ươm số 1","[{""type"":""AREA"",""value"":""vườn ươm số 1"",""start"":0,""end"":13}]"
"cây ở luống D5","[{""type"":""AREA"",""value"":""luống D5"",""start"":7,""end"":15}]"
"khu vực 12","[{""type"":""AREA"",""value"":""khu vực 12"",""start"":0,""end"":10}]"
"vườn 4 bị bệnh","[{""type"":""AREA"",""value"":""vườn 4"",""start"":0,""end"":6}]"
"nhà màng 5","[{""type"":""AREA"",""value"":""nhà màng 5"",""start"":0,""end"":10}]"
"kho hạt giống","[{""type"":""AREA"",""value"":""kho hạt giống"",""start"":0,""end"":13}]"
"hồ cá bị đục","[{""type"":""AREA"",""value"":""hồ cá"",""start"":0,""end"":6}]"
"khu thử nghiệm","[{""type"":""AREA"",""value"":""khu thử nghiệm"",""start"":0,""end"":14}]"
"luống rau cải","[{""type"":""AREA"",""value"":""luống rau cải"",""start"":0,""end"":13}]"
"khu H trồng gì?","[{""type"":""AREA"",""value"":""khu H"",""start"":0,""end"":5}]"
"vườn 5","[{""type"":""AREA"",""value"":""vườn 5"",""start"":0,""end"":6}]"
"nhà kính A1","[{""type"":""AREA"",""value"":""nhà kính A1"",""start"":0,""end"":11}]"
"kho C","[{""type"":""AREA"",""value"":""kho C"",""start"":0,""end"":5}]"
"bể chứa 2","[{""type"":""AREA"",""value"":""bể chứa 2"",""start"":0,""end"":9}]"
"vườn ươm C","[{""type"":""AREA"",""value"":""vườn ươm C"",""start"":0,""end"":11}]"
"luống 9","[{""type"":""AREA"",""value"":""luống 9"",""start"":0,""end"":7}]"
"khu 1","[{""type"":""AREA"",""value"":""khu 1"",""start"":0,""end"":5}]"
"vườn 10","[{""type"":""AREA"",""value"":""vườn 10"",""start"":0,""end"":7}]"
"nhà màng B3","[{""type"":""AREA"",""value"":""nhà màng B3"",""start"":0,""end"":11}]"
"kho 4","[{""type"":""AREA"",""value"":""kho 4"",""start"":0,""end"":5}]"
"hồ B","[{""type"":""AREA"",""value"":""hồ B"",""start"":0,""end"":4}]"
"vườn ươm B","[{""type"":""AREA"",""value"":""vườn ươm B"",""start"":0,""end"":11}]"
"thu hoạch 50kg cà chua","[{""type"":""QUANTITY"",""value"":""50kg"",""start"":10,""end"":14}]"
"mua 2 bao phân NPK","[{""type"":""QUANTITY"",""value"":""2 bao"",""start"":4,""end"":9}]"
"trồng 100 cây giống","[{""type"":""QUANTITY"",""value"":""100 cây giống"",""start"":6,""end"":18}]"
"tưới 5 lít nước","[{""type"":""QUANTITY"",""value"":""5 lít"",""start"":6,""end"":11}]"
"năng suất 3 tấn/ha","[{""type"":""QUANTITY"",""value"":""3 tấn/ha"",""start"":10,""end"":17}]"
"dùng 500g hạt giống","[{""type"":""QUANTITY"",""value"":""500g"",""start"":5,""end"":9}]"
"diện tích 2 hecta","[{""type"":""QUANTITY"",""value"":""2 hecta"",""start"":9,""end"":16}]"
"bón 1 tạ vôi","[{""type"":""QUANTITY"",""value"":""1 tạ"",""start"":4,""end"":8}]"
"phun 500ml thuốc","[{""type"":""QUANTITY"",""value"":""500ml"",""start"":5,""end"":10}]"
"đất rộng 3 sào","[{""type"":""QUANTITY"",""value"":""3 sào"",""start"":9,""end"":14}]"
"cần 20kg phân","[{""type"":""QUANTITY"",""value"":""20kg"",""start"":4,""end"":8}]"
"nhập 10 bao xi măng","[{""type"":""QUANTITY"",""value"":""10 bao"",""start"":5,""end"":11}]"
"đã trồng 50 cây","[{""type"":""QUANTITY"",""value"":""50 cây"",""start"":9,""end"":15}]"
"pha 100 lít dung dịch","[{""type"":""QUANTITY"",""value"":""100 lít"",""start"":4,""end"":11}]"
"thu 1.5 tấn ngô","[{""type"":""QUANTITY"",""value"":""1.5 tấn"",""start"":4,""end"":11}]"
"gieo 200g hạt","[{""type"":""QUANTITY"",""value"":""200g"",""start"":5,""end"":9}]"
"ruộng 5 sào bắc bộ","[{""type"":""QUANTITY"",""value"":""5 sào bắc bộ"",""start"":6,""end"":18}]"
"diện tích 1000 m2","[{""type"":""QUANTITY"",""value"":""1000 m2"",""start"":9,""end"":16}]"
"cân 1.2 tạ","[{""type"":""QUANTITY"",""value"":""1.2 tạ"",""start"":4,""end"":10}]"
"dùng 25ml thuốc","[{""type"":""QUANTITY"",""value"":""25ml"",""start"":5,""end"":9}]"
"thu 75 kg cá","[{""type"":""QUANTITY"",""value"":""75 kg"",""start"":4,""end"":9}]"
"chỉ còn 1 bao","[{""type"":""QUANTITY"",""value"":""1 bao"",""start"":8,""end"":13}]"
"30 cây con đã chết","[{""type"":""QUANTITY"",""value"":""30 cây con"",""start"":0,""end"":10}]"
"thêm 2000 lít nước","[{""type"":""QUANTITY"",""value"":""2000 lít"",""start"":5,""end"":13}]"
"sản lượng 5 tấn thóc","[{""type"":""QUANTITY"",""value"":""5 tấn"",""start"":10,""end"":15}]"
"cần 1 kg vôi","[{""type"":""QUANTITY"",""value"":""1 kg"",""start"":4,""end"":8}]"
"10 hecta đất trống","[{""type"":""QUANTITY"",""value"":""10 hecta"",""start"":0,""end"":8}]"
"còn 2 sào chưa cày","[{""type"":""QUANTITY"",""value"":""2 sào"",""start"":4,""end"":9}]"
"mua 15 tạ phân","[{""type"":""QUANTITY"",""value"":""15 tạ"",""start"":4,""end"":9}]"
"1000ml dung dịch","[{""type"":""QUANTITY"",""value"":""1000ml"",""start"":0,""end"":6}]"
"300 kg khoai","[{""type"":""QUANTITY"",""value"":""300 kg"",""start"":0,""end"":6}]"
"đặt 20 bao lân","[{""type"":""QUANTITY"",""value"":""20 bao"",""start"":4,""end"":10}]"
"5 cây bưởi bị bệnh","[{""type"":""QUANTITY"",""value"":""5 cây"",""start"":0,""end"":5}]"
"dùng 15 lít thuốc","[{""type"":""QUANTITY"",""value"":""15 lít"",""start"":5,""end"":11}]"
"0.5 tấn cà phê","[{""type"":""QUANTITY"",""value"":""0.5 tấn"",""start"":0,""end"":7}]"
"chỉ 50g thôi","[{""type"":""QUANTITY"",""value"":""50g"",""start"":4,""end"":7}]"
"5 sào ruộng","[{""type"":""QUANTITY"",""value"":""5 sào"",""start"":0,""end"":5}]"
"100 m2 nhà lưới","[{""type"":""QUANTITY"",""value"":""100 m2"",""start"":0,""end"":6}]"
"2.5 tạ lợn hơi","[{""type"":""QUANTITY"",""value"":""2.5 tạ"",""start"":0,""end"":6}]"
"750ml thuốc trừ sâu","[{""type"":""QUANTITY"",""value"":""750ml"",""start"":0,""end"":5}]"
"10kg thóc giống","[{""type"":""QUANTITY"",""value"":""10kg"",""start"":0,""end"":4}]"
"8 bao phân chuồng","[{""type"":""QUANTITY"",""value"":""8 bao"",""start"":0,""end"":5}]"
"còn 3000 cây","[{""type"":""QUANTITY"",""value"":""3000 cây"",""start"":4,""end"":12}]"
"50 lít nước tưới","[{""type"":""QUANTITY"",""value"":""50 lít"",""start"":0,""end"":6}]"
"10 tấn hàng","[{""type"":""QUANTITY"",""value"":""10 tấn"",""start"":0,""end"":6}]"
"10g hạt giống","[{""type"":""QUANTITY"",""value"":""10g"",""start"":0,""end"":3}]"
"1 hecta lúa","[{""type"":""QUANTITY"",""value"":""1 hecta"",""start"":0,""end"":7}]"
"cần 1 sào","[{""type"":""QUANTITY"",""value"":""1 sào"",""start"":4,""end"":9}]"
"8 tạ ngô","[{""type"":""QUANTITY"",""value"":""8 tạ"",""start"":0,""end"":4}]"
"500 ml/bình","[{""type"":""QUANTITY"",""value"":""500 ml"",""start"":0,""end"":6}]"
"tôi muốn tưới nước","[{""type"":""ACTIVITY"",""value"":""tưới nước"",""start"":9,""end"":18}]"
"khi nào bón phân?","[{""type"":""ACTIVITY"",""value"":""bón phân"",""start"":9,""end"":17}]"
"chuẩn bị thu hoạch","[{""type"":""ACTIVITY"",""value"":""thu hoạch"",""start"":9,""end"":18}]"
"ngày mai gieo hạt","[{""type"":""ACTIVITY"",""value"":""gieo hạt"",""start"":9,""end"":17}]"
"lịch phun thuốc thế nào?","[{""type"":""ACTIVITY"",""value"":""phun thuốc"",""start"":5,""end"":15}]"
"hôm nay đi làm cỏ","[{""type"":""ACTIVITY"",""value"":""làm cỏ"",""start"":11,""end"":17}]"
"cần xới đất cho cây","[{""type"":""ACTIVITY"",""value"":""xới đất"",""start"":4,""end"":11}]"
"hướng dẫn tỉa cành","[{""type"":""ACTIVITY"",""value"":""tỉa cành"",""start"":9,""end"":17}]"
"chuẩn bị làm giàn","[{""type"":""ACTIVITY"",""value"":""làm giàn"",""start"":9,""end"":17}]"
"đang ủ phân hữu cơ","[{""type"":""ACTIVITY"",""value"":""ủ phân"",""start"":5,""end"":11}]"
"sáng nay vừa cày bừa","[{""type"":""ACTIVITY"",""value"":""cày bừa"",""start"":12,""end"":20}]"
"bắt đầu gieo mạ","[{""type"":""ACTIVITY"",""value"":""gieo mạ"",""start"":8,""end"":15}]"
"chiều nay cấy lúa","[{""type"":""ACTIVITY"",""value"":""cấy lúa"",""start"":10,""end"":17}]"
"đừng phun thuốc trừ sâu","[{""type"":""ACTIVITY"",""value"":""phun thuốc trừ sâu"",""start"":5,""end"":23}]"
"bao giờ bón lót?","[{""type"":""ACTIVITY"",""value"":""bón lót"",""start"":8,""end"":15}]"
"lịch bón thúc đợt 1","[{""type"":""ACTIVITY"",""value"":""bón thúc"",""start"":5,""end"":13}]"
"hệ thống tưới nhỏ giọt","[{""type"":""ACTIVITY"",""value"":""tưới nhỏ giọt"",""start"":9,""end"":22}]"
"kế hoạch thu hoạch lúa","[{""type"":""ACTIVITY"",""value"":""thu hoạch lúa"",""start"":9,""end"":22}]"
"thuê người nhổ cỏ","[{""type"":""ACTIVITY"",""value"":""nhổ cỏ"",""start"":11,""end"":17}]"
"đang vun xới gốc","[{""type"":""ACTIVITY"",""value"":""vun xới"",""start"":5,""end"":12}]"
"kỹ thuật ghép cành","[{""type"":""ACTIVITY"",""value"":""ghép cành"",""start"":9,""end"":18}]"
"học cách chiết cành","[{""type"":""ACTIVITY"",""value"":""chiết cành"",""start"":9,""end"":19}]"
"đã làm đất xong","[{""type"":""ACTIVITY"",""value"":""làm đất"",""start"":3,""end"":10}]"
"sáng nào cũng bắt sâu","[{""type"":""ACTIVITY"",""value"":""bắt sâu"",""start"":14,""end"":21}]"
"bao giờ gặt lúa?","[{""type"":""ACTIVITY"",""value"":""gặt lúa"",""start"":8,""end"":15}]"
"trời mưa, không phơi thóc được","[{""type"":""ACTIVITY"",""value"":""phơi thóc"",""start"":16,""end"":25}]"
"đừng quên tưới cây","[{""type"":""ACTIVITY"",""value"":""tưới cây"",""start"":11,""end"":19}]"
"cần bón vôi gấp","[{""type"":""ACTIVITY"",""value"":""bón vôi"",""start"":4,""end"":11}]"
"mai đi trồng cây","[{""type"":""ACTIVITY"",""value"":""trồng cây"",""start"":7,""end"":16}]"
"mùa vụ gieo trồng mới","[{""type"":""ACTIVITY"",""value"":""gieo trồng"",""start"":7,""end"":16}]"
"phun thuốc diệt nấm","[{""type"":""ACTIVITY"",""value"":""phun thuốc diệt nấm"",""start"":0,""end"":19}]"
"chi phí làm cỏ dại","[{""type"":""ACTIVITY"",""value"":""làm cỏ dại"",""start"":8,""end"":18}]"
"dùng máy cuốc đất","[{""type"":""ACTIVITY"",""value"":""cuốc đất"",""start"":10,""end"":18}]"
"hôm nay tỉa lá","[{""type"":""ACTIVITY"",""value"":""tỉa lá"",""start"":8,""end"":15}]"
"ong đang thụ phấn","[{""type"":""ACTIVITY"",""value"":""thụ phấn"",""start"":9,""end"":17}]"
"hướng dẫn lên luống","[{""type"":""ACTIVITY"",""value"":""lên luống"",""start"":9,""end"":18}]"
"cần dọn vườn gấp","[{""type"":""ACTIVITY"",""value"":""dọn vườn"",""start"":4,""end"":12}]"
"máy cắt cỏ đâu?","[{""type"":""ACTIVITY"",""value"":""cắt cỏ"",""start"":5,""end"":12}]"
"đang ủ rơm","[{""type"":""ACTIVITY"",""value"":""ủ rơm"",""start"":5,""end"":11}]"
"chi phí sửa chữa máy bơm","[{""type"":""ACTIVITY"",""value"":""sửa chữa"",""start"":8,""end"":17}]"
"ghi lại lịch bảo trì","[{""type"":""ACTIVITY"",""value"":""bảo trì"",""start"":12,""end"":19}]"
"cần trồng dặm thêm","[{""type"":""ACTIVITY"",""value"":""trồng dặm"",""start"":4,""end"":13}]"
"bật tưới phun sương","[{""type"":""ACTIVITY"",""value"":""tưới phun sương"",""start"":4,""end"":19}]"
"đã bón phân NPK","[{""type"":""ACTIVITY"",""value"":""bón phân NPK"",""start"":3,""end"":15}]"
"thu hoạch cà chua thôi","[{""type"":""ACTIVITY"",""value"":""thu hoạch cà chua"",""start"":0,""end"":17}]"
"gieo hạt rau cải","[{""type"":""ACTIVITY"",""value"":""gieo hạt"",""start"":0,""end"":8}]"
"phun thuốc rầy","[{""type"":""ACTIVITY"",""value"":""phun thuốc rầy"",""start"":0,""end"":14}]"
"nhổ cỏ bằng tay","[{""type"":""ACTIVITY"",""value"":""nhổ cỏ"",""start"":0,""end"":6}]"
"đất cần xới tơi","[{""type"":""ACTIVITY"",""value"":""xới tơi"",""start"":9,""end"":16}]"
"tỉa bớt hoa đực","[{""type"":""ACTIVITY"",""value"":""tỉa bớt hoa"",""start"":0,""end"":12}]"
"bón phân NPK","[{""type"":""FERTILIZER"",""value"":""phân NPK"",""start"":4,""end"":12}]"
"cần mua phân hữu cơ","[{""type"":""FERTILIZER"",""value"":""phân hữu cơ"",""start"":9,""end"":20}]"
"đã bón phân lân chưa?","[{""type"":""FERTILIZER"",""value"":""phân lân"",""start"":7,""end"":15}]"
"phân kali có tác dụng gì?","[{""type"":""FERTILIZER"",""value"":""phân kali"",""start"":0,""end"":9}]"
"dùng phân Ure bón thúc","[{""type"":""FERTILIZER"",""value"":""phân Ure"",""start"":5,""end"":13}]"
"bón vôi để cải tạo đất","[{""type"":""FERTILIZER"",""value"":""vôi"",""start"":4,""end"":7}]"
"phân trùn quế rất tốt","[{""type"":""FERTILIZER"",""value"":""phân trùn quế"",""start"":0,""end"":14}]"
"giá phân DAP hôm nay","[{""type"":""FERTILIZER"",""value"":""phân DAP"",""start"":4,""end"":12}]"
"cách ủ phân compost","[{""type"":""FERTILIZER"",""value"":""phân compost"",""start"":8,""end"":20}]"
"bón phân vi sinh cho rau","[{""type"":""FERTILIZER"",""value"":""phân vi sinh"",""start"":4,""end"":16}]"
"dùng phân chuồng ủ hoai","[{""type"":""FERTILIZER"",""value"":""phân chuồng"",""start"":5,""end"":16}]"
"phân xanh là gì?","[{""type"":""FERTILIZER"",""value"":""phân xanh"",""start"":0,""end"":9}]"
"cần 5kg phân NPK 16-16-8","[{""type"":""FERTILIZER"",""value"":""phân NPK 16-16-8"",""start"":9,""end"":25}]"
"đây là phân bón lá","[{""type"":""FERTILIZER"",""value"":""phân bón lá"",""start"":7,""end"":18}]"
"không dùng phân hóa học","[{""type"":""FERTILIZER"",""value"":""phân hóa học"",""start"":10,""end"":22}]"
"bón 1kg Super Lân","[{""type"":""FERTILIZER"",""value"":""Super Lân"",""start"":9,""end"":18}]"
"phân đạm cá tự ủ","[{""type"":""FERTILIZER"",""value"":""phân đạm cá"",""start"":0,""end"":11}]"
"mua 2 bao phân SA","[{""type"":""FERTILIZER"",""value"":""phân SA"",""start"":9,""end"":16}]"
"bón phân KCL","[{""type"":""FERTILIZER"",""value"":""phân KCL"",""start"":4,""end"":12}]"
"phân bón rễ Atonik","[{""type"":""FERTILIZER"",""value"":""phân bón rễ Atonik"",""start"":0,""end"":19}]"
"dùng phân hữu cơ vi sinh","[{""type"":""FERTILIZER"",""value"":""phân hữu cơ vi sinh"",""start"":5,""end"":24}]"
"phân MOP là gì?","[{""type"":""FERTILIZER"",""value"":""phân MOP"",""start"":0,""end"":8}]"
"cần bón thêm canxi nitrat","[{""type"":""FERTILIZER"",""value"":""canxi nitrat"",""start"":12,""end"":24}]"
"mua 10kg vôi bột","[{""type"":""FERTILIZER"",""value"":""vôi bột"",""start"":10,""end"":17}]"
"phân bón tan chậm","[{""type"":""FERTILIZER"",""value"":""phân bón tan chậm"",""start"":0,""end"":17}]"
"đã có phân NPK Lâm Thao","[{""type"":""FERTILIZER"",""value"":""phân NPK Lâm Thao"",""start"":6,""end"":23}]"
"phân bón Đầu Trâu","[{""type"":""FERTILIZER"",""value"":""phân bón Đầu Trâu"",""start"":0,""end"":17}]"
"bón phân gà đã xử lý","[{""type"":""FERTILIZER"",""value"":""phân gà"",""start"":4,""end"":11}]"
"dùng 2kg phân lân nung chảy","[{""type"":""FERTILIZER"",""value"":""phân lân nung chảy"",""start"":9,""end"":27}]"
"cách bón phân đạm","[{""type"":""FERTILIZER"",""value"":""phân đạm"",""start"":9,""end"":17}]"
"phân kali clorua","[{""type"":""FERTILIZER"",""value"":""phân kali clorua"",""start"":0,""end"":16}]"
"tôi cần phân Ure hạt trong","[{""type"":""FERTILIZER"",""value"":""phân Ure hạt trong"",""start"":9,""end"":27}]"
"bón phân hữu cơ khoáng","[{""type"":""FERTILIZER"",""value"":""phân hữu cơ khoáng"",""start"":4,""end"":23}]"
"phân bón Humic","[{""type"":""FERTILIZER"",""value"":""phân bón Humic"",""start"":0,""end"":14}]"
"mua thêm phân Canxi Bo","[{""type"":""FERTILIZER"",""value"":""phân Canxi Bo"",""start"":9,""end"":22}]"
"đây là phân vi lượng","[{""type"":""FERTILIZER"",""value"":""phân vi lượng"",""start"":7,""end"":19}]"
"dịch trùn quế","[{""type"":""FERTILIZER"",""value"":""dịch trùn quế"",""start"":0,""end"":14}]"
"phân bón NPK 20-20-15","[{""type"":""FERTILIZER"",""value"":""phân bón NPK 20-20-15"",""start"":0,""end"":21}]"
"bón phân bò ủ hoai","[{""type"":""FERTILIZER"",""value"":""phân bò"",""start"":4,""end"":11}]"
"cách pha dung dịch thủy canh","[{""type"":""FERTILIZER"",""value"":""dung dịch thủy canh"",""start"":9,""end"":27}]"
"bón phân Magie Sunfat","[{""type"":""FERTILIZER"",""value"":""Magie Sunfat"",""start"":4,""end"":16}]"
"phân bón NPK + TE","[{""type"":""FERTILIZER"",""value"":""phân bón NPK + TE"",""start"":0,""end"":18}]"
"còn phân lân Văn Điển không?","[{""type"":""FERTILIZER"",""value"":""phân lân Văn Điển"",""start"":4,""end"":21}]"
"dùng phân bón sinh học","[{""type"":""FERTILIZER"",""value"":""phân bón sinh học"",""start"":5,""end"":22}]"
"phân bón gốc là gì?","[{""type"":""FERTILIZER"",""value"":""phân bón gốc"",""start"":0,""end"":12}]"
"mua 1 chai B1","[{""type"":""FERTILIZER"",""value"":""B1"",""start"":12,""end"":14}]"
"cần bón K2SO4","[{""type"":""FERTILIZER"",""value"":""K2SO4"",""start"":9,""end"":14}]"
"phân bón Dynamic","[{""type"":""FERTILIZER"",""value"":""phân bón Dynamic"",""start"":0,""end"":16}]"
"bón lót bằng phân chuồng","[{""type"":""FERTILIZER"",""value"":""phân chuồng"",""start"":13,""end"":24}]"
"cần 5kg phân đạm SA","[{""type"":""FERTILIZER"",""value"":""phân đạm SA"",""start"":9,""end"":20}]"
"phun thuốc trừ sâu","[{""type"":""PESTICIDE"",""value"":""thuốc trừ sâu"",""start"":4,""end"":17}]"
"mua thuốc diệt cỏ","[{""type"":""PESTICIDE"",""value"":""thuốc diệt cỏ"",""start"":4,""end"":17}]"
"cây bị rệp sáp","[{""type"":""PESTICIDE"",""value"":""rệp sáp"",""start"":7,""end"":14}]"
"dùng thuốc Anvil trị nấm","[{""type"":""PESTICIDE"",""value"":""thuốc Anvil"",""start"":5,""end"":16}]"
"cách diệt bọ trĩ","[{""type"":""PESTICIDE"",""value"":""bọ trĩ"",""start"":10,""end"":16}]"
"phun thuốc trị rầy","[{""type"":""PESTICIDE"",""value"":""thuốc trị rầy"",""start"":4,""end"":17}]"
"bệnh đạo ôn hại lúa","[{""type"":""PESTICIDE"",""value"":""đạo ôn"",""start"":6,""end"":12}]"
"mua 1 chai Regent","[{""type"":""PESTICIDE"",""value"":""Regent"",""start"":12,""end"":18}]"
"sâu đục thân tấn công","[{""type"":""PESTICIDE"",""value"":""sâu đục thân"",""start"":0,""end"":12}]"
"dùng dầu khoáng phun cam","[{""type"":""PESTICIDE"",""value"":""dầu khoáng"",""start"":5,""end"":15}]"
"mua thuốc ốc bươu vàng","[{""type"":""PESTICIDE"",""value"":""ốc bươu vàng"",""start"":10,""end"":22}]"
"cách trị bệnh thán thư","[{""type"":""PESTICIDE"",""value"":""bệnh thán thư"",""start"":9,""end"":22}]"
"phun thuốc Confidor","[{""type"":""PESTICIDE"",""value"":""Confidor"",""start"":10,""end"":18}]"
"cây bị nhện đỏ","[{""type"":""PESTICIDE"",""value"":""nhện đỏ"",""start"":7,""end"":14}]"
"dùng bả chuột sinh học","[{""type"":""PESTICIDE"",""value"":""bả chuột"",""start"":5,""end"":13}]"
"cách phòng bệnh héo xanh","[{""type"":""PESTICIDE"",""value"":""bệnh héo xanh"",""start"":11,""end"":24}]"
"mua thuốc trừ nấm Ridomil Gold","[{""type"":""PESTICIDE"",""value"":""Ridomil Gold"",""start"":17,""end"":29}]"
"cây bị rầy nâu","[{""type"":""PESTICIDE"",""value"":""rầy nâu"",""start"":7,""end"":14}]"
"phun thuốc sinh học","[{""type"":""PESTICIDE"",""value"":""thuốc sinh học"",""start"":4,""end"":18}]"
"bệnh xoăn lá trên ớt","[{""type"":""PESTICIDE"",""value"":""bệnh xoăn lá"",""start"":0,""end"":13}]"
"dùng thuốc trừ cỏ 2,4D","[{""type"":""PESTICIDE"",""value"":""thuốc trừ cỏ 2,4D"",""start"":5,""end"":22}]"
"bọ phấn trắng","[{""type"":""PESTICIDE"",""value"":""bọ phấn trắng"",""start"":0,""end"":14}]"
"sâu cuốn lá hại lúa","[{""type"":""PESTICIDE"",""value"":""sâu cuốn lá"",""start"":0,""end"":11}]"
"dùng vôi bột khử trùng","[{""type"":""PESTICIDE"",""value"":""vôi bột"",""start"":5,""end"":12}]"
"bệnh rỉ sắt trên cà phê","[{""type"":""PESTICIDE"",""value"":""bệnh rỉ sắt"",""start"":0,""end"":12}]"
"phun Actara trị rầy","[{""type"":""PESTICIDE"",""value"":""Actara"",""start"":4,""end"":10}]"
"bệnh đốm lá","[{""type"":""PESTICIDE"",""value"":""bệnh đốm lá"",""start"":0,""end"":12}]"
"cách diệt tuyến trùng","[{""type"":""PESTICIDE"",""value"":""tuyến trùng"",""start"":10,""end"":20}]"
"phun thuốc nấm Aliette","[{""type"":""PESTICIDE"",""value"":""Aliette"",""start"":16,""end"":23}]"
"ruồi vàng đục trái","[{""type"":""PESTICIDE"",""value"":""ruồi vàng"",""start"":0,""end"":9}]"
"bệnh chổi rồng trên nhãn","[{""type"":""PESTICIDE"",""value"":""bệnh chổi rồng"",""start"":0,""end"":15}]"
"dùng bẫy Pheromone","[{""type"":""PESTICIDE"",""value"":""bẫy Pheromone"",""start"":5,""end"":19}]"
"bệnh lở cổ rễ","[{""type"":""PESTICIDE"",""value"":""bệnh lở cổ rễ"",""start"":0,""end"":14}]"
"thuốc diệt chuột Storm","[{""type"":""PESTICIDE"",""value"":""thuốc diệt chuột Storm"",""start"":0,""end"":22}]"
"cây bị rệp muội","[{""type"":""PESTICIDE"",""value"":""rệp muội"",""start"":7,""end"":15}]"
"phun thuốc Amistar Top","[{""type"":""PESTICIDE"",""value"":""Amistar Top"",""start"":10,""end"":21}]"
"bệnh vàng lá gân xanh","[{""type"":""PESTICIDE"",""value"":""vàng lá gân xanh"",""start"":6,""end"":23}]"
"dùng bẫy dính màu vàng","[{""type"":""PESTICIDE"",""value"":""bẫy dính màu vàng"",""start"":5,""end"":23}]"
"cách trị sâu tơ","[{""type"":""PESTICIDE"",""value"":""sâu tơ"",""start"":9,""end"":15}]"
"bệnh thối rễ","[{""type"":""PESTICIDE"",""value"":""bệnh thối rễ"",""start"":0,""end"":12}]"
"mua thuốc Mataxyl","[{""type"":""PESTICIDE"",""value"":""Mataxyl"",""start"":10,""end"":17}]"
"bệnh Greening trên cam","[{""type"":""PESTICIDE"",""value"":""bệnh Greening"",""start"":0,""end"":14}]"
"cách diệt châu chấu","[{""type"":""PESTICIDE"",""value"":""châu chấu"",""start"":10,""end"":19}]"
"sâu đục quả","[{""type"":""PESTICIDE"",""value"":""sâu đục quả"",""start"":0,""end"":11}]"
"phun thuốc trừ bệnh","[{""type"":""PESTICIDE"",""value"":""thuốc trừ bệnh"",""start"":4,""end"":18}]"
"bọ xít muỗi","[{""type"":""PESTICIDE"",""value"":""bọ xít muỗi"",""start"":0,""end"":11}]"
"dùng thuốc gốc đồng","[{""type"":""PESTICIDE"",""value"":""thuốc gốc đồng"",""start"":5,""end"":19}]"
"bệnh phấn trắng","[{""type"":""PESTICIDE"",""value"":""bệnh phấn trắng"",""start"":0,""end"":15}]"
"cách diệt sùng đất","[{""type"":""PESTICIDE"",""value"":""sùng đất"",""start"":10,""end"":18}]"
"thuốc trừ sâu thảo mộc","[{""type"":""PESTICIDE"",""value"":""thuốc trừ sâu thảo mộc"",""start"":0,""end"":23}]"
"kỹ thuật trồng rau thủy canh","[{""type"":""TECHNIQUE"",""value"":""trồng rau thủy canh"",""start"":9,""end"":27}]"
"hướng dẫn ghép cành","[{""type"":""TECHNIQUE"",""value"":""ghép cành"",""start"":9,""end"":18}]"
"cách chiết cành ổi","[{""type"":""TECHNIQUE"",""value"":""chiết cành"",""start"":5,""end"":15}]"
"phương pháp giâm cành","[{""type"":""TECHNIQUE"",""value"":""giâm cành"",""start"":11,""end"":20}]"
"kỹ thuật ủ phân compost","[{""type"":""TECHNIQUE"",""value"":""ủ phân compost"",""start"":9,""end"":24}]"
"học cách trồng xen canh","[{""type"":""TECHNIQUE"",""value"":""trồng xen canh"",""start"":9,""end"":22}]"
"kỹ thuật làm giàn cho dưa","[{""type"":""TECHNIQUE"",""value"":""làm giàn"",""start"":9,""end"":17}]"
"phương pháp trồng gối vụ","[{""type"":""TECHNIQUE"",""value"":""trồng gối vụ"",""start"":11,""end"":23}]"
"áp dụng canh tác hữu cơ","[{""type"":""TECHNIQUE"",""value"":""canh tác hữu cơ"",""start"":8,""end"":24}]"
"cách làm đất trồng rau","[{""type"":""TECHNIQUE"",""value"":""làm đất"",""start"":5,""end"":12}]"
"hướng dẫn tỉa cành tạo tán","[{""type"":""TECHNIQUE"",""value"":""tỉa cành tạo tán"",""start"":9,""end"":26}]"
"phương pháp tưới nhỏ giọt","[{""type"":""TECHNIQUE"",""value"":""tưới nhỏ giọt"",""start"":11,""end"":24}]"
"kỹ thuật trồng cây trong nhà màng","[{""type"":""TECHNIQUE"",""value"":""trồng cây trong nhà màng"",""start"":9,""end"":33}]"
"cách ủ hạt giống","[{""type"":""TECHNIQUE"",""value"":""ủ hạt giống"",""start"":5,""end"":16}]"
"phương pháp nhân giống vô tính","[{""type"":""TECHNIQUE"",""value"":""nhân giống vô tính"",""start"":11,""end"":30}]"
"kỹ thuật trồng rau mầm","[{""type"":""TECHNIQUE"",""value"":""trồng rau mầm"",""start"":9,""end"":23}]"
"hệ thống canh tác Aquaponics","[{""type"":""TECHNIQUE"",""value"":""Aquaponics"",""start"":16,""end"":26}]"
"cách bón phân lót","[{""type"":""TECHNIQUE"",""value"":""bón phân lót"",""start"":5,""end"":17}]"
"kỹ thuật trồng nấm","[{""type"":""TECHNIQUE"",""value"":""trồng nấm"",""start"":9,""end"":18}]"
"phương pháp gieo sạ hàng","[{""type"":""TECHNIQUE"",""value"":""gieo sạ hàng"",""start"":11,""end"":23}]"
"kỹ thuật che phủ nilon","[{""type"":""TECHNIQUE"",""value"":""che phủ nilon"",""start"":9,""end"":23}]"
"áp dụng VietGAP","[{""type"":""TECHNIQUE"",""value"":""VietGAP"",""start"":8,""end"":15}]"
"canh tác không dùng đất","[{""type"":""TECHNIQUE"",""value"":""canh tác không dùng đất"",""start"":0,""end"":23}]"
"kỹ thuật cấy lúa","[{""type"":""TECHNIQUE"",""value"":""cấy lúa"",""start"":9,""end"":16}]"
"phương pháp làm cỏ","[{""type"":""TECHNIQUE"",""value"":""làm cỏ"",""start"":11,""end"":17}]"
"kỹ thuật nuôi cấy mô","[{""type"":""TECHNIQUE"",""value"":""nuôi cấy mô"",""start"":9,""end"":20}]"
"cách trồng luân canh","[{""type"":""TECHNIQUE"",""value"":""trồng luân canh"",""start"":5,""end"":19}]"
"kỹ thuật trồng cây ăn quả","[{""type"":""TECHNIQUE"",""value"":""trồng cây ăn quả"",""start"":9,""end"":26}]"
"phương pháp bón thúc","[{""type"":""TECHNIQUE"",""value"":""bón thúc"",""start"":11,""end"":19}]"
"cách xử lý đất phèn","[{""type"":""TECHNIQUE"",""value"":""xử lý đất phèn"",""start"":5,""end"":20}]"
"kỹ thuật tưới phun sương","[{""type"":""TECHNIQUE"",""value"":""tưới phun sương"",""start"":9,""end"":25}]"
"áp dụng IPM","[{""type"":""TECHNIQUE"",""value"":""IPM"",""start"":8,""end"":11}]"
"cách gieo hạt trực tiếp","[{""type"":""TECHNIQUE"",""value"":""gieo hạt trực tiếp"",""start"":5,""end"":23}]"
"kỹ thuật trồng rau sạch","[{""type"":""TECHNIQUE"",""value"":""trồng rau sạch"",""start"":9,""end"":24}]"
"hướng dẫn làm phân xanh","[{""type"":""TECHNIQUE"",""value"":""làm phân xanh"",""start"":9,""end"":22}]"
"cách làm nhà lưới","[{""type"":""TECHNIQUE"",""value"":""làm nhà lưới"",""start"":5,""end"":17}]"
"kỹ thuật lên luống","[{""type"":""TECHNIQUE"",""value"":""lên luống"",""start"":9,""end"":18}]"
"phương pháp trồng rau hữu cơ","[{""type"":""TECHNIQUE"",""value"":""trồng rau hữu cơ"",""start"":11,""end"":28}]"
"cách thụ phấn cho dưa","[{""type"":""TECHNIQUE"",""value"":""thụ phấn"",""start"":5,""end"":13}]"
"kỹ thuật trồng cây trong chậu","[{""type"":""TECHNIQUE"",""value"":""trồng cây trong chậu"",""start"":9,""end"":29}]"
"phương pháp thu hoạch","[{""type"":""TECHNIQUE"",""value"":""thu hoạch"",""start"":11,""end"":20}]"
"kỹ thuật bảo quản nông sản","[{""type"":""TECHNIQUE"",""value"":""bảo quản nông sản"",""start"":9,""end"":27}]"
"áp dụng GlobalGAP","[{""type"":""TECHNIQUE"",""value"":""GlobalGAP"",""start"":8,""end"":17}]"
"cách xử lý hạt giống","[{""type"":""TECHNIQUE"",""value"":""xử lý hạt giống"",""start"":5,""end"":21}]"
"kỹ thuật trồng nấm linh chi","[{""type"":""TECHNIQUE"",""value"":""trồng nấm linh chi"",""start"":9,""end"":27}]"
"phương pháp tưới tiết kiệm","[{""type"":""TECHNIQUE"",""value"":""tưới tiết kiệm"",""start"":11,""end"":25}]"
"kỹ thuật trồng cây khí canh","[{""type"":""TECHNIQUE"",""value"":""trồng cây khí canh"",""start"":9,""end"":28}]"
"cách cắt tỉa cây cảnh","[{""type"":""TECHNIQUE"",""value"":""cắt tỉa"",""start"":5,""end"":12}]"
"phương pháp trồng gừng","[{""type"":""TECHNIQUE"",""value"":""trồng gừng"",""start"":11,""end"":21}]"
"kỹ thuật trồng hoa lan","[{""type"":""TECHNIQUE"",""value"":""trồng hoa lan"",""start"":9,""end"":23}]"
"kỹ thuật trồng rau thủy canh","[{""type"":""TECHNIQUE"",""value"":""trồng rau thủy canh"",""start"":9,""end"":27}]"
"hướng dẫn ghép cành","[{""type"":""TECHNIQUE"",""value"":""ghép cành"",""start"":9,""end"":18}]"
"cách chiết cành ổi","[{""type"":""TECHNIQUE"",""value"":""chiết cành"",""start"":5,""end"":15}]"
"phương pháp giâm cành","[{""type"":""TECHNIQUE"",""value"":""giâm cành"",""start"":11,""end"":20}]"
"kỹ thuật ủ phân compost","[{""type"":""TECHNIQUE"",""value"":""ủ phân compost"",""start"":9,""end"":24}]"
"học cách trồng xen canh","[{""type"":""TECHNIQUE"",""value"":""trồng xen canh"",""start"":9,""end"":22}]"
"kỹ thuật làm giàn cho dưa","[{""type"":""TECHNIQUE"",""value"":""làm giàn"",""start"":9,""end"":17}]"
"phương pháp trồng gối vụ","[{""type"":""TECHNIQUE"",""value"":""trồng gối vụ"",""start"":11,""end"":23}]"
"áp dụng canh tác hữu cơ","[{""type"":""TECHNIQUE"",""value"":""canh tác hữu cơ"",""start"":8,""end"":24}]"
"cách làm đất trồng rau","[{""type"":""TECHNIQUE"",""value"":""làm đất"",""start"":5,""end"":12}]"
"hướng dẫn tỉa cành tạo tán","[{""type"":""TECHNIQUE"",""value"":""tỉa cành tạo tán"",""start"":9,""end"":26}]"
"phương pháp tưới nhỏ giọt","[{""type"":""TECHNIQUE"",""value"":""tưới nhỏ giọt"",""start"":11,""end"":24}]"
"kỹ thuật trồng cây trong nhà màng","[{""type"":""TECHNIQUE"",""value"":""trồng cây trong nhà màng"",""start"":9,""end"":33}]"
"cách ủ hạt giống","[{""type"":""TECHNIQUE"",""value"":""ủ hạt giống"",""start"":5,""end"":16}]"
"phương pháp nhân giống vô tính","[{""type"":""TECHNIQUE"",""value"":""nhân giống vô tính"",""start"":11,""end"":30}]"
"kỹ thuật trồng rau mầm","[{""type"":""TECHNIQUE"",""value"":""trồng rau mầm"",""start"":9,""end"":23}]"
"hệ thống canh tác Aquaponics","[{""type"":""TECHNIQUE"",""value"":""Aquaponics"",""start"":16,""end"":26}]"
"cách bón phân lót","[{""type"":""TECHNIQUE"",""value"":""bón phân lót"",""start"":5,""end"":17}]"
"kỹ thuật trồng nấm","[{""type"":""TECHNIQUE"",""value"":""trồng nấm"",""start"":9,""end"":18}]"
"phương pháp gieo sạ hàng","[{""type"":""TECHNIQUE"",""value"":""gieo sạ hàng"",""start"":11,""end"":23}]"
"kỹ thuật che phủ nilon","[{""type"":""TECHNIQUE"",""value"":""che phủ nilon"",""start"":9,""end"":23}]"
"áp dụng VietGAP","[{""type"":""TECHNIQUE"",""value"":""VietGAP"",""start"":8,""end"":15}]"
"canh tác không dùng đất","[{""type"":""TECHNIQUE"",""value"":""canh tác không dùng đất"",""start"":0,""end"":23}]"
"kỹ thuật cấy lúa","[{""type"":""TECHNIQUE"",""value"":""cấy lúa"",""start"":9,""end"":16}]"
"phương pháp làm cỏ","[{""type"":""TECHNIQUE"",""value"":""làm cỏ"",""start"":11,""end"":17}]"
"kỹ thuật nuôi cấy mô","[{""type"":""TECHNIQUE"",""value"":""nuôi cấy mô"",""start"":9,""end"":20}]"
"cách trồng luân canh","[{""type"":""TECHNIQUE"",""value"":""trồng luân canh"",""start"":5,""end"":19}]"
"kỹ thuật trồng cây ăn quả","[{""type"":""TECHNIQUE"",""value"":""trồng cây ăn quả"",""start"":9,""end"":26}]"
"phương pháp bón thúc","[{""type"":""TECHNIQUE"",""value"":""bón thúc"",""start"":11,""end"":19}]"
"cách xử lý đất phèn","[{""type"":""TECHNIQUE"",""value"":""xử lý đất phèn"",""start"":5,""end"":20}]"
"kỹ thuật tưới phun sương","[{""type"":""TECHNIQUE"",""value"":""tưới phun sương"",""start"":9,""end"":25}]"
"áp dụng IPM","[{""type"":""TECHNIQUE"",""value"":""IPM"",""start"":8,""end"":11}]"
"cách gieo hạt trực tiếp","[{""type"":""TECHNIQUE"",""value"":""gieo hạt trực tiếp"",""start"":5,""end"":23}]"
"kỹ thuật trồng rau sạch","[{""type"":""TECHNIQUE"",""value"":""trồng rau sạch"",""start"":9,""end"":24}]"
"hướng dẫn làm phân xanh","[{""type"":""TECHNIQUE"",""value"":""làm phân xanh"",""start"":9,""end"":22}]"
"cách làm nhà lưới","[{""type"":""TECHNIQUE"",""value"":""làm nhà lưới"",""start"":5,""end"":17}]"
"kỹ thuật lên luống","[{""type"":""TECHNIQUE"",""value"":""lên luống"",""start"":9,""end"":18}]"
"phương pháp trồng rau hữu cơ","[{""type"":""TECHNIQUE"",""value"":""trồng rau hữu cơ"",""start"":11,""end"":28}]"
"cách thụ phấn cho dưa","[{""type"":""TECHNIQUE"",""value"":""thụ phấn"",""start"":5,""end"":13}]"
"kỹ thuật trồng cây trong chậu","[{""type"":""TECHNIQUE"",""value"":""trồng cây trong chậu"",""start"":9,""end"":29}]"
"phương pháp thu hoạch","[{""type"":""TECHNIQUE"",""value"":""thu hoạch"",""start"":11,""end"":20}]"
"kỹ thuật bảo quản nông sản","[{""type"":""TECHNIQUE"",""value"":""bảo quản nông sản"",""start"":9,""end"":27}]"
"áp dụng GlobalGAP","[{""type"":""TECHNIQUE"",""value"":""GlobalGAP"",""start"":8,""end"":17}]"
"cách xử lý hạt giống","[{""type"":""TECHNIQUE"",""value"":""xử lý hạt giống"",""start"":5,""end"":21}]"
"kỹ thuật trồng nấm linh chi","[{""type"":""TECHNIQUE"",""value"":""trồng nấm linh chi"",""start"":9,""end"":27}]"
"phương pháp tưới tiết kiệm","[{""type"":""TECHNIQUE"",""value"":""tưới tiết kiệm"",""start"":11,""end"":25}]"
"kỹ thuật trồng cây khí canh","[{""type"":""TECHNIQUE"",""value"":""trồng cây khí canh"",""start"":9,""end"":28}]"
"cách cắt tỉa cây cảnh","[{""type"":""TECHNIQUE"",""value"":""cắt tỉa"",""start"":5,""end"":12}]"
"phương pháp trồng gừng","[{""type"":""TECHNIQUE"",""value"":""trồng gừng"",""start"":11,""end"":21}]"
"kỹ thuật trồng hoa lan","[{""type"":""TECHNIQUE"",""value"":""trồng hoa lan"",""start"":9,""end"":23}]"
"trồng cây gì vào mùa xuân?","[{""type"":""SEASON"",""value"":""mùa xuân"",""start"":17,""end"":25}]"
"lúa vụ hè thu năng suất tốt","[{""type"":""SEASON"",""value"":""vụ hè thu"",""start"":4,""end"":13}]"
"chuẩn bị cho vụ đông xuân","[{""type"":""SEASON"",""value"":""vụ đông xuân"",""start"":13,""end"":25}]"
"mùa mưa này có trồng ngô được không?","[{""type"":""SEASON"",""value"":""mùa mưa"",""start"":0,""end"":7}]"
"bệnh thường gặp vào mùa khô","[{""type"":""SEASON"",""value"":""mùa khô"",""start"":20,""end"":27}]"
"cây cà chua vụ sớm","[{""type"":""SEASON"",""value"":""vụ sớm"",""start"":14,""end"":20}]"
"dưa hấu trồng vụ Tết","[{""type"":""SEASON"",""value"":""vụ Tết"",""start"":14,""end"":20}]"
"vụ mùa năm nay thế nào?","[{""type"":""SEASON"",""value"":""vụ mùa"",""start"":0,""end"":6}]"
"trồng rau trái vụ","[{""type"":""SEASON"",""value"":""trái vụ"",""start"":11,""end"":18}]"
"giá nông sản mùa thu hoạch","[{""type"":""SEASON"",""value"":""mùa thu hoạch"",""start"":13,""end"":26}]"
"vụ chiêm này cấy lúa gì?","[{""type"":""SEASON"",""value"":""vụ chiêm"",""start"":0,""end"":8}]"
"cây nghỉ đông","[{""type"":""SEASON"",""value"":""nghỉ đông"",""start"":4,""end"":12}]"
"đây là giống lúa mùa","[{""type"":""SEASON"",""value"":""mùa"",""start"":17,""end"":20}]"
"vụ xuân hè trồng dưa","[{""type"":""SEASON"",""value"":""vụ xuân hè"",""start"":0,""end"":10}]"
"mùa nắng nóng cần tưới nhiều","[{""type"":""SEASON"",""value"":""mùa nắng nóng"",""start"":0,""end"":13}]"
"thu hoạch vào cuối vụ","[{""type"":""SEASON"",""value"":""cuối vụ"",""start"":13,""end"":20}]"
"trồng khoai lang vụ đông","[{""type"":""SEASON"",""value"":""vụ đông"",""start"":18,""end"":25}]"
"gieo hạt đầu mùa mưa","[{""type"":""SEASON"",""value"":""đầu mùa mưa"",""start"":9,""end"":20}]"
"vụ thu đông năm 2024","[{""type"":""SEASON"",""value"":""vụ thu đông"",""start"":0,""end"":11}]"
"hoa nở vào mùa hạ","[{""type"":""SEASON"",""value"":""mùa hạ"",""start"":11,""end"":17}]"
"mùa này hay bị sâu bệnh","[{""type"":""SEASON"",""value"":""mùa này"",""start"":0,""end"":7}]"
"vụ chính bắt đầu khi nào?","[{""type"":""SEASON"",""value"":""vụ chính"",""start"":0,""end"":8}]"
"rau trồng vụ nghịch","[{""type"":""SEASON"",""value"":""vụ nghịch"",""start"":10,""end"":19}]"
"vụ lúa này thất thu","[{""type"":""SEASON"",""value"":""vụ lúa này"",""start"":0,""end"":10}]"
"mùa xuân thời tiết ấm","[{""type"":""SEASON"",""value"":""mùa xuân"",""start"":0,""end"":8}]"
"vụ hè năm nay nóng","[{""type"":""SEASON"",""value"":""vụ hè"",""start"":0,""end"":5}]"
"mùa thu thời tiết mát","[{""type"":""SEASON"",""value"":""mùa thu"",""start"":0,""end"":7}]"
"mùa đông cây rụng lá","[{""type"":""SEASON"",""value"":""mùa đông"",""start"":0,""end"":8}]"
"chăm sóc cây mùa bão","[{""type"":""SEASON"",""value"":""mùa bão"",""start"":13,""end"":20}]"
"vụ xuân 2025","[{""type"":""SEASON"",""value"":""vụ xuân 2025"",""start"":0,""end"":12}]"
"mùa gieo hạt đã đến","[{""type"":""SEASON"",""value"":""mùa gieo hạt"",""start"":0,""end"":12}]"
"lịch mùa vụ năm nay","[{""type"":""SEASON"",""value"":""mùa vụ"",""start"":5,""end"":11}]"
"vụ này trồng ngô","[{""type"":""SEASON"",""value"":""vụ này"",""start"":0,""end"":6}]"
"cuối mùa mưa hay bị nấm","[{""type"":""SEASON"",""value"":""cuối mùa mưa"",""start"":0,""end"":12}]"
"vụ 1 bắt đầu","[{""type"":""SEASON"",""value"":""vụ 1"",""start"":0,""end"":4}]"
"trồng 3 vụ 1 năm","[{""type"":""SEASON"",""value"":""vụ"",""start"":8,""end"":11}]"
"vụ lúa đông xuân","[{""type"":""SEASON"",""value"":""vụ lúa đông xuân"",""start"":0,""end"":16}]"
"mùa nước nổi trồng gì?","[{""type"":""SEASON"",""value"":""mùa nước nổi"",""start"":0,""end"":12}]"
"vụ đông 2023","[{""type"":""SEASON"",""value"":""vụ đông 2023"",""start"":0,""end"":12}]"
"đây là vụ chính trong năm","[{""type"":""SEASON"",""value"":""vụ chính"",""start"":7,""end"":15}]"
"trồng cây mùa lễ hội","[{""type"":""SEASON"",""value"":""mùa lễ hội"",""start"":11,""end"":21}]"
"vụ chiêm xuân","[{""type"":""SEASON"",""value"":""vụ chiêm xuân"",""start"":0,""end"":13}]"
"mùa khô kéo dài","[{""type"":""SEASON"",""value"":""mùa khô"",""start"":0,""end"":7}]"
"vụ thu sắp hết","[{""type"":""SEASON"",""value"":""vụ thu"",""start"":0,""end"":6}]"
"vụ 2 trồng gì?","[{""type"":""SEASON"",""value"":""vụ 2"",""start"":0,""end"":4}]"
"đây là vụ muộn","[{""type"":""SEASON"",""value"":""vụ muộn"",""start"":7,""end"":14}]"
"mùa rét cần che chắn","[{""type"":""SEASON"",""value"":""mùa rét"",""start"":0,""end"":7}]"
"vụ 3 đã gieo hạt","[{""type"":""SEASON"",""value"":""vụ 3"",""start"":0,""end"":4}]"
"chuẩn bị cho mùa sau","[{""type"":""SEASON"",""value"":""mùa sau"",""start"":13,""end"":20}]"
"vụ hè thu 2024","[{""type"":""SEASON"",""value"":""vụ hè thu 2024"",""start"":0,""end"":14}]"
"cây lúa nước là cây lương thực chính","[{""type"":""CROP_NAME"",""value"":""lúa nước"",""start"":4,""end"":12}]"
"giống cà phê Robusta trồng ở Tây Nguyên","[{""type"":""CROP_NAME"",""value"":""cà phê Robusta"",""start"":6,""end"":20}]"
"cách trồng cây thanh long ruột đỏ","[{""type"":""CROP_NAME"",""value"":""thanh long ruột đỏ"",""start"":16,""end"":34}]"
"giá bưởi Diễn hôm nay","[{""type"":""CROP_NAME"",""value"":""bưởi Diễn"",""start"":4,""end"":13}]"
"vải thiều Lục Ngạn đang vào mùa","[{""type"":""CROP_NAME"",""value"":""vải thiều Lục Ngạn"",""start"":0,""end"":18}]"
"cây hồ tiêu cần nhiều nước không?","[{""type"":""CROP_NAME"",""value"":""hồ tiêu"",""start"":4,""end"":11}]"
"bệnh trên cây điều","[{""type"":""CROP_NAME"",""value"":""điều"",""start"":13,""end"":17}]"
"thu hoạch mủ cao su","[{""type"":""CROP_NAME"",""value"":""cao su"",""start"":12,""end"":18}]"
"cách trồng rau đay","[{""type"":""CROP_NAME"",""value"":""rau đay"",""start"":10,""end"":17}]"
"cây sắn dùng để làm gì?","[{""type"":""CROP_NAME"",""value"":""sắn"",""start"":4,""end"":7}]"
"trồng dừa xiêm Bến Tre","[{""type"":""CROP_NAME"",""value"":""dừa xiêm Bến Tre"",""start"":6,""end"":23}]"
"giống chè Thái Nguyên","[{""type"":""CROP_NAME"",""value"":""chè Thái Nguyên"",""start"":6,""end"":21}]"
"cây mía đường đang bị sâu","[{""type"":""CROP_NAME"",""value"":""mía đường"",""start"":4,""end"":13}]"
"cách trồng khoai mỡ","[{""type"":""CROP_NAME"",""value"":""khoai mỡ"",""start"":10,""end"":18}]"
"bệnh rồng vàng trên cây có múi","[{""type"":""CROP_NAME"",""value"":""cây có múi"",""start"":24,""end"":35}]"
"giống lúa nếp cái hoa vàng","[{""type"":""CROP_NAME"",""value"":""lúa nếp cái hoa vàng"",""start"":6,""end"":27}]"
"cây chôm chôm bao lâu có trái?","[{""type"":""CROP_NAME"",""value"":""chôm chôm"",""start"":4,""end"":12}]"
"cách chăm sóc măng cụt","[{""type"":""CROP_NAME"",""value"":""măng cụt"",""start"":14,""end"":22}]"
"trồng xen canh cây lạc","[{""type"":""CROP_NAME"",""value"":""lạc"",""start"":19,""end"":22}]"
"cây đậu tương bị vàng lá","[{""type"":""CROP_NAME"",""value"":""đậu tương"",""start"":4,""end"":13}]"
"cách trồng rau dền","[{""type"":""CROP_NAME"",""value"":""rau dền"",""start"":10,""end"":17}]"
"giá vú sữa Lò Rèn","[{""type"":""CROP_NAME"",""value"":""vú sữa Lò Rèn"",""start"":4,""end"":17}]"
"bệnh trên cây na","[{""type"":""CROP_NAME"",""value"":""na"",""start"":13,""end"":15}]"
"cây mãng cầu xiêm","[{""type"":""CROP_NAME"",""value"":""mãng cầu xiêm"",""start"":4,""end"":18}]"
"trồng cây sả để đuổi côn trùng","[{""type"":""CROP_NAME"",""value"":""sả"",""start"":11,""end"":13}]"
"cách trồng tỏi Lý Sơn","[{""type"":""CROP_NAME"",""value"":""tỏi Lý Sơn"",""start"":10,""end"":20}]"
"cây quế trồng ở đâu?","[{""type"":""CROP_NAME"",""value"":""quế"",""start"":4,""end"":7}]"
"giá hạt mắc ca hôm nay","[{""type"":""CROP_NAME"",""value"":""mắc ca"",""start"":8,""end"":14}]"
"cây cói dùng làm gì?","[{""type"":""CROP_NAME"",""value"":""cói"",""start"":4,""end"":7}]"
"cây atiso Sapa","[{""type"":""CROP_NAME"",""value"":""atiso Sapa"",""start"":4,""end"":15}]"
"cách trồng rau ngót","[{""type"":""CROP_NAME"",""value"":""rau ngót"",""start"":10,""end"":18}]"
"cây hẹ có dễ trồng không?","[{""type"":""CROP_NAME"",""value"":""hẹ"",""start"":4,""end"":6}]"
"kỹ thuật trồng cây tràm","[{""type"":""CROP_NAME"",""value"":""tràm"",""start"":19,""end"":23}]"
"giống bơ 034","[{""type"":""CROP_NAME"",""value"":""bơ 034"",""start"":6,""end"":12}]"
"cây đậu xanh cần bao nhiêu nước?","[{""type"":""CROP_NAME"",""value"":""đậu xanh"",""start"":4,""end"":12}]"
"thu hoạch củ cải trắng","[{""type"":""CROP_NAME"",""value"":""củ cải trắng"",""start"":10,""end"":23}]"
"cách trồng dưa chuột","[{""type"":""CROP_NAME"",""value"":""dưa chuột"",""start"":10,""end"":19}]"
"bệnh trên cây đậu bắp","[{""type"":""CROP_NAME"",""value"":""đậu bắp"",""start"":13,""end"":20}]"
"cây rau má hợp đất nào?","[{""type"":""CROP_NAME"",""value"":""rau má"",""start"":4,""end"":10}]"
"cách trồng mướp đắng","[{""type"":""CROP_NAME"",""value"":""mướp đắng"",""start"":10,""end"":19}]"
"giống xoài Cát Chu","[{""type"":""CROP_NAME"",""value"":""xoài Cát Chu"",""start"":6,""end"":18}]"
"cây mồng tơi bị vàng lá","[{""type"":""CROP_NAME"",""value"":""mồng tơi"",""start"":4,""end"":12}]"
"cách trồng su su lấy ngọn","[{""type"":""CROP_NAME"",""value"":""su su"",""start"":10,""end"":15}]"
"giống dâu tây New Zealand","[{""type"":""CROP_NAME"",""value"":""dâu tây New Zealand"",""start"":6,""end"":26}]"
"cây nhãn lồng Hưng Yên","[{""type"":""CROP_NAME"",""value"":""nhãn lồng Hưng Yên"",""start"":4,""end"":23}]"
"cách trồng mướp hương","[{""type"":""CROP_NAME"",""value"":""mướp hương"",""start"":10,""end"":20}]"
"cây hoa hòe bán ở đâu?","[{""type"":""CROP_NAME"",""value"":""hoa hòe"",""start"":4,""end"":11}]"
"cách trồng sâm Ngọc Linh","[{""type"":""CROP_NAME"",""value"":""sâm Ngọc Linh"",""start"":10,""end"":23}]"
"thu hoạch hạt sen","[{""type"":""CROP_NAME"",""value"":""sen"",""start"":13,""end"":16}]"
"cây keo lai bao lâu thu hoạch?","[{""type"":""CROP_NAME"",""value"":""keo lai"",""start"":4,""end"":11}]"
"cách trồng củ dong","[{""type"":""CROP_NAME"",""value"":""củ dong"",""start"":10,""end"":17}]"
"giống ngô lai NK7328","[{""type"":""CROP_NAME"",""value"":""ngô lai NK7328"",""start"":6,""end"":20}]"
"cây đậu rồng dễ trồng không?","[{""type"":""CROP_NAME"",""value"":""đậu rồng"",""start"":4,""end"":12}]"
"cách trồng cây sa kê","[{""type"":""CROP_NAME"",""value"":""sa kê"",""start"":16,""end"":21}]"
"cây rau răm","[{""type"":""CROP_NAME"",""value"":""rau răm"",""start"":4,""end"":11}]"
"giống ổi lê Đài Loan","[{""type"":""CROP_NAME"",""value"":""ổi lê Đài Loan"",""start"":6,""end"":20}]"
"cây bạc hà đuổi muỗi","[{""type"":""CROP_NAME"",""value"":""bạc hà"",""start"":4,""end"":10}]"
"cách trồng đậu đen xanh lòng","[{""type"":""CROP_NAME"",""value"":""đậu đen xanh lòng"",""start"":10,""end"":28}]"
"cây tía tô","[{""type"":""CROP_NAME"",""value"":""tía tô"",""start"":4,""end"":10}]"
"cách trồng rau diếp cá","[{""type"":""CROP_NAME"",""value"":""rau diếp cá"",""start"":10,""end"":21}]"
"cây đinh lăng","[{""type"":""CROP_NAME"",""value"":""đinh lăng"",""start"":4,""end"":13}]"
"trồng cây sachi","[{""type"":""CROP_NAME"",""value"":""sachi"",""start"":11,""end"":16}]"
"giống chanh dây tím","[{""type"":""CROP_NAME"",""value"":""chanh dây tím"",""start"":6,""end"":19}]"
"cây khổ qua","[{""type"":""CROP_NAME"",""value"":""khổ qua"",""start"":4,""end"":11}]"
"trồng nấm bào ngư xám","[{""type"":""CROP_NAME"",""value"":""nấm bào ngư xám"",""start"":6,""end"":22}]"
"cách trồng cà pháo","[{""type"":""CROP_NAME"",""value"":""cà pháo"",""start"":10,""end"":17}]"
"giống dưa lê siêu ngọt","[{""type"":""CROP_NAME"",""value"":""dưa lê"",""start"":6,""end"":12}]"
"cây đậu ván","[{""type"":""CROP_NAME"",""value"":""đậu ván"",""start"":4,""end"":11}]"
"cây măng tây xanh","[{""type"":""CROP_NAME"",""value"":""măng tây xanh"",""start"":4,""end"":17}]"
"giống nho Ninh Thuận","[{""type"":""CROP_NAME"",""value"":""nho Ninh Thuận"",""start"":6,""end"":20}]"
"cây kinh giới","[{""type"":""CROP_NAME"",""value"":""kinh giới"",""start"":4,""end"":13}]"
"cách trồng củ kiệu","[{""type"":""CROP_NAME"",""value"":""củ kiệu"",""start"":10,""end"":17}]"
"giống khoai tây Marabel","[{""type"":""CROP_NAME"",""value"":""khoai tây Marabel"",""start"":6,""end"":23}]"
"cây sương sâm","[{""type"":""CROP_NAME"",""value"":""sương sâm"",""start"":4,""end"":14}]"
"cách trồng cây lá lốt","[{""type"":""CROP_NAME"",""value"":""lá lốt"",""start"":16,""end"":22}]"
"cây rau tần ô","[{""type"":""CROP_NAME"",""value"":""rau tần ô"",""start"":4,""end"":14}]"
"giống cúc vạn thọ","[{""type"":""CROP_NAME"",""value"":""cúc vạn thọ"",""start"":6,""end"":17}]"
"trồng cây đỗ quyên","[{""type"":""CROP_NAME"",""value"":""đỗ quyên"",""start"":11,""end"":19}]"
"cây sen đá","[{""type"":""CROP_NAME"",""value"":""sen đá"",""start"":4,""end"":10}]"
"giống dưa lưới Taki","[{""type"":""CROP_NAME"",""value"":""dưa lưới Taki"",""start"":6,""end"":19}]"
"cây hành tây","[{""type"":""CROP_NAME"",""value"":""hành tây"",""start"":4,""end"":12}]"
"cây hoa cẩm tú cầu","[{""type"":""CROP_NAME"",""value"":""cẩm tú cầu"",""start"":12,""end"":22}]"
"cách trồng cây trà hoa vàng","[{""type"":""CROP_NAME"",""value"":""trà hoa vàng"",""start"":16,""end"":28}]"
"giống bí đỏ hồ lô","[{""type"":""CROP_NAME"",""value"":""bí đỏ hồ lô"",""start"":6,""end"":17}]"
"cây rau sam","[{""type"":""CROP_NAME"",""value"":""rau sam"",""start"":4,""end"":11}]"
"trồng cây đẳng sâm","[{""type"":""CROP_NAME"",""value"":""đẳng sâm"",""start"":11,""end"":20}]"
"cách trồng củ dền","[{""type"":""CROP_NAME"",""value"":""củ dền"",""start"":10,""end"":16}]"
"cây ngải cứu","[{""type"":""CROP_NAME"",""value"":""ngải cứu"",""start"":4,""end"":12}]"
"giống cà tím quả dài","[{""type"":""CROP_NAME"",""value"":""cà tím quả dài"",""start"":6,""end"":20}]"
"cây hoa cúc họa mi","[{""type"":""CROP_NAME"",""value"":""cúc họa mi"",""start"":12,""end"":22}]"
"cây hoa đồng tiền","[{""type"":""CROP_NAME"",""value"":""hoa đồng tiền"",""start"":4,""end"":17}]"
"cây hoa ly","[{""type"":""CROP_NAME"",""value"":""hoa ly"",""start"":4,""end"":10}]"
"giống hoa hồng cổ Sapa","[{""type"":""CROP_NAME"",""value"":""hoa hồng cổ Sapa"",""start"":6,""end"":23}]"
"cách trồng nấm kim châm","[{""type"":""CROP_NAME"",""value"":""nấm kim châm"",""start"":10,""end"":22}]"
"cây rau húng quế","[{""type"":""CROP_NAME"",""value"":""húng quế"",""start"":12,""end"":20}]"
"giống dừa sáp","[{""type"":""CROP_NAME"",""value"":""dừa sáp"",""start"":6,""end"":14}]"
"cây bông cải xanh","[{""type"":""CROP_NAME"",""value"":""bông cải xanh"",""start"":4,""end"":17}]"
"cách trồng cây thanh long","[{""type"":""CROP_NAME"",""value"":""thanh long"",""start"":16,""end"":25}]"
"hẹn tưới 15 phút","[{""type"":""DURATION"",""value"":""15 phút"",""start"":9,""end"":16}]"
"chạy máy bơm trong 3 giờ","[{""type"":""DURATION"",""value"":""3 giờ"",""start"":18,""end"":23}]"
"chỉ 30 giây thôi","[{""type"":""DURATION"",""value"":""30 giây"",""start"":4,""end"":11}]"
"ngâm hạt 2 ngày","[{""type"":""DURATION"",""value"":""2 ngày"",""start"":9,""end"":15}]"
"bật đèn 8 tiếng","[{""type"":""DURATION"",""value"":""8 tiếng"",""start"":9,""end"":16}]"
"ủ phân 3 tuần","[{""type"":""DURATION"",""value"":""3 tuần"",""start"":7,""end"":13}]"
"cây phát triển 2 tháng","[{""type"":""DURATION"",""value"":""2 tháng"",""start"":16,""end"":23}]"
"hợp đồng 5 năm","[{""type"":""DURATION"",""value"":""5 năm"",""start"":9,""end"":14}]"
"chờ nửa tiếng","[{""type"":""DURATION"",""value"":""nửa tiếng"",""start"":4,""end"":13}]"
"làm việc cả ngày","[{""type"":""DURATION"",""value"":""cả ngày"",""start"":9,""end"":16}]"
"phơi 2 ngày","[{""type"":""DURATION"",""value"":""2 ngày"",""start"":5,""end"":11}]"
"tắt sau 10 phút","[{""type"":""DURATION"",""value"":""10 phút"",""start"":9,""end"":16}]"
"chạy 1 giờ đồng hồ","[{""type"":""DURATION"",""value"":""1 giờ đồng hồ"",""start"":5,""end"":17}]"
"nghỉ 5 phút nhé","[{""type"":""DURATION"",""value"":""5 phút"",""start"":5,""end"":11}]"
"tưới 45 phút","[{""type"":""DURATION"",""value"":""45 phút"",""start"":6,""end"":13}]"
"mở 1 tiếng rưỡi","[{""type"":""DURATION"",""value"":""1 tiếng rưỡi"",""start"":3,""end"":15}]"
"cách ly 1 tuần","[{""type"":""DURATION"",""value"":""1 tuần"",""start"":9,""end"":15}]"
"gieo 10 ngày rồi","[{""type"":""DURATION"",""value"":""10 ngày"",""start"":5,""end"":12}]"
"bảo hành 12 tháng","[{""type"":""DURATION"",""value"":""12 tháng"",""start"":10,""end"":18}]"
"chờ 15 giây","[{""type"":""DURATION"",""value"":""15 giây"",""start"":4,""end"":11}]"
"tưới 1 phút 30 giây","[{""type"":""DURATION"",""value"":""1 phút 30 giây"",""start"":6,""end"":19}]"
"bật đèn 12 giờ mỗi ngày","[{""type"":""DURATION"",""value"":""12 giờ"",""start"":9,""end"":14}]"
"chu kỳ 90 ngày","[{""type"":""DURATION"",""value"":""90 ngày"",""start"":8,""end"":15}]"
"sạc 4 giờ","[{""type"":""DURATION"",""value"":""4 giờ"",""start"":4,""end"":9}]"
"tắt trong 5 giây","[{""type"":""DURATION"",""value"":""5 giây"",""start"":10,""end"":16}]"
"mở 12 phút","[{""type"":""DURATION"",""value"":""12 phút"",""start"":3,""end"":10}]"
"chạy quạt 1.5 giờ","[{""type"":""DURATION"",""value"":""1.5 giờ"",""start"":10,""end"":17}]"
"ủ 20 ngày","[{""type"":""DURATION"",""value"":""20 ngày"",""start"":2,""end"":9}]"
"mất 3 năm mới có quả","[{""type"":""DURATION"",""value"":""3 năm"",""start"":4,""end"":9}]"
"tưới 3 tiếng","[{""type"":""DURATION"",""value"":""3 tiếng"",""start"":6,""end"":13}]"
"chỉ 20 phút","[{""type"":""DURATION"",""value"":""20 phút"",""start"":4,""end"":11}]"
"mở 24 giờ","[{""type"":""DURATION"",""value"":""24 giờ"",""start"":3,""end"":9}]"
"gieo 1 tuần","[{""type"":""DURATION"",""value"":""1 tuần"",""start"":5,""end"":11}]"
"cây 1 tháng","[{""type"":""DURATION"",""value"":""1 tháng"",""start"":4,""end"":11}]"
"tưới 20 giây","[{""type"":""DURATION"",""value"":""20 giây"",""start"":6,""end"":13}]"
"làm 4 giờ","[{""type"":""DURATION"",""value"":""4 giờ"",""start"":4,""end"":9}]"
"3 ngày 2 đêm","[{""type"":""DURATION"",""value"":""3 ngày 2 đêm"",""start"":0,""end"":12}]"
"phơi 1 nắng","[{""type"":""DURATION"",""value"":""1 nắng"",""start"":5,""end"":11}]"
"bật 2 tiếng rưỡi","[{""type"":""DURATION"",""value"":""2 tiếng rưỡi"",""start"":4,""end"":16}]"
"60 phút nữa tưới","[{""type"":""DURATION"",""value"":""60 phút"",""start"":0,""end"":7}]"
"chạy 120 giây","[{""type"":""DURATION"",""value"":""120 giây"",""start"":5,""end"":13}]"
"chỉ 5 phút","[{""type"":""DURATION"",""value"":""5 phút"",""start"":4,""end"":10}]"
"làm cả buổi sáng","[{""type"":""DURATION"",""value"":""cả buổi sáng"",""start"":4,""end"":16}]"
"mất suốt cả tuần","[{""type"":""DURATION"",""value"":""suốt cả tuần"",""start"":4,""end"":16}]"
"chờ 1 quý","[{""type"":""DURATION"",""value"":""1 quý"",""start"":4,""end"":9}]"
"hẹn 180 phút","[{""type"":""DURATION"",""value"":""180 phút"",""start"":4,""end"":12}]"
"phát triển 60 ngày","[{""type"":""DURATION"",""value"":""60 ngày"",""start"":12,""end"":19}]"
"mở máy 3 giờ","[{""type"":""DURATION"",""value"":""3 giờ"",""start"":8,""end"":13}]"
"tưới 25 phút","[{""type"":""DURATION"",""value"":""25 phút"",""start"":6,""end"":13}]"
"chờ 1 giờ 15 phút","[{""type"":""DURATION"",""value"":""1 giờ 15 phút"",""start"":4,""end"":18}]"
"hoạt động 24/7","[{""type"":""DURATION"",""value"":""24/7"",""start"":11,""end"":15}]"
"tưới 2 lần/ngày","[{""type"":""DURATION"",""value"":""2 lần/ngày"",""start"":6,""end"":16}]"
"bón phân 1 lần/tuần","[{""type"":""DURATION"",""value"":""1 lần/tuần"",""start"":9,""end"":20}]"
"phun thuốc hàng tháng","[{""type"":""DURATION"",""value"":""hàng tháng"",""start"":11,""end"":20}]"
"kiểm tra hàng ngày","[{""type"":""DURATION"",""value"":""hàng ngày"",""start"":10,""end"":19}]"
"chỉ mất vài phút","[{""type"":""DURATION"",""value"":""vài phút"",""start"":8,""end"":16}]"
"cần mấy tiếng?","[{""type"":""DURATION"",""value"":""mấy tiếng"",""start"":4,""end"":13}]"
"làm trong vài ngày","[{""type"":""DURATION"",""value"":""vài ngày"",""start"":9,""end"":17}]"
"tưới 2 phút 10 giây","[{""type"":""DURATION"",""value"":""2 phút 10 giây"",""start"":6,""end"":19}]"
"ngâm 4 tiếng","[{""type"":""DURATION"",""value"":""4 tiếng"",""start"":5,""end"":12}]"
"phơi 3 nắng","[{""type"":""DURATION"",""value"":""3 nắng"",""start"":5,""end"":11}]"
"bật quạt suốt đêm","[{""type"":""DURATION"",""value"":""suốt đêm"",""start"":9,""end"":17}]"
"cả buổi chiều","[{""type"":""DURATION"",""value"":""cả buổi chiều"",""start"":0,""end"":13}]"
"cây 6 tháng tuổi","[{""type"":""DURATION"",""value"":""6 tháng"",""start"":4,""end"":11}]"
"bảo hành 2 năm","[{""type"":""DURATION"",""value"":""2 năm"",""start"":10,""end"":15}]"
"chờ 1.5 phút","[{""type"":""DURATION"",""value"":""1.5 phút"",""start"":4,""end"":12}]"
"tưới 0.5 giờ","[{""type"":""DURATION"",""value"":""0.5 giờ"",""start"":6,""end"":13}]"
"mất 2.5 tiếng","[{""type"":""DURATION"",""value"":""2.5 tiếng"",""start"":4,""end"":13}]"
"cần 45 giây","[{""type"":""DURATION"",""value"":""45 giây"",""start"":4,""end"":11}]"
"hẹn 5 phút","[{""type"":""DURATION"",""value"":""5 phút"",""start"":4,""end"":10}]"
"chạy 18 giờ","[{""type"":""DURATION"",""value"":""18 giờ"",""start"":5,""end"":11}]"
"làm 3 ngày","[{""type"":""DURATION"",""value"":""3 ngày"",""start"":4,""end"":10}]"
"ủ 2.5 tuần","[{""type"":""DURATION"",""value"":""2.5 tuần"",""start"":2,""end"":10}]"
"1.5 tháng","[{""type"":""DURATION"",""value"":""1.5 tháng"",""start"":0,""end"":9}]"
"0.5 năm","[{""type"":""DURATION"",""value"":""0.5 năm"",""start"":0,""end"":7}]"
"chờ 1 phút rưỡi","[{""type"":""DURATION"",""value"":""1 phút rưỡi"",""start"":4,""end"":15}]"
"hơn 3 giờ","[{""type"":""DURATION"",""value"":""3 giờ"",""start"":4,""end"":9}]"
"khoảng 2 tuần","[{""type"":""DURATION"",""value"":""2 tuần"",""start"":8,""end"":14}]"
"mất 10 ngày","[{""type"":""DURATION"",""value"":""10 ngày"",""start"":4,""end"":11}]"
"tưới 10 phút/lần","[{""type"":""DURATION"",""value"":""10 phút/lần"",""start"":6,""end"":17}]"
"chạy 30 phút mỗi giờ","[{""type"":""DURATION"",""value"":""30 phút"",""start"":5,""end"":12}]"
"nghỉ 15p","[{""type"":""DURATION"",""value"":""15p"",""start"":5,""end"":8}]"
"bật 1h","[{""type"":""DURATION"",""value"":""1h"",""start"":4,""end"":6}]"
"tắt 30s","[{""type"":""DURATION"",""value"":""30s"",""start"":4,""end"":7}]"
"mất 3 tháng 10 ngày","[{""type"":""DURATION"",""value"":""3 tháng 10 ngày"",""start"":4,""end"":19}]"
"hạn 2 năm rưỡi","[{""type"":""DURATION"",""value"":""2 năm rưỡi"",""start"":4,""end"":15}]"
"cả thập kỷ","[{""type"":""DURATION"",""value"":""cả thập kỷ"",""start"":0,""end"":10}]"
"làm 2 ngày rưỡi","[{""type"":""DURATION"",""value"":""2 ngày rưỡi"",""start"":4,""end"":15}]"
"chờ 1 giờ 45 phút","[{""type"":""DURATION"",""value"":""1 giờ 45 phút"",""start"":4,""end"":18}]"
"tưới 3 phút 15 giây","[{""type"":""DURATION"",""value"":""3 phút 15 giây"",""start"":6,""end"":19}]"
"bật 2 tiếng","[{""type"":""DURATION"",""value"":""2 tiếng"",""start"":4,""end"":11}]"
"sạc 1.5 tiếng","[{""type"":""DURATION"",""value"":""1.5 tiếng"",""start"":4,""end"":13}]"
"ngâm 8 tiếng","[{""type"":""DURATION"",""value"":""8 tiếng"",""start"":5,""end"":12}]"
"làm 10 giờ/ngày","[{""type"":""DURATION"",""value"":""10 giờ/ngày"",""start"":4,""end"":14}]"
"hàng quý","[{""type"":""DURATION"",""value"":""hàng quý"",""start"":0,""end"":8}]"
"mỗi 6 tháng","[{""type"":""DURATION"",""value"":""6 tháng"",""start"":4,""end"":11}]"
"suốt 3 năm","[{""type"":""DURATION"",""value"":""3 năm"",""start"":5,""end"":10}]"
"cả mùa vụ","[{""type"":""DURATION"",""value"":""cả mùa vụ"",""start"":0,""end"":9}]"
"mất 15 phút","[{""type"":""DURATION"",""value"":""15 phút"",""start"":4,""end"":11}]"
"tưới 10p","[{""type"":""DURATION"",""value"":""10p"",""start"":6,""end"":9}]"